,place_id,place_name,place_address,place_lat,place_long,country,phone_number,website,url,adm_lvl_1,adm_lvl_2
4,ChIJhQOPzrvpwEcRtUoTdbW0NjU,"Rode Kruis Maastricht, Meerssen, Mergelland","Cortenstraat 7, 6211 HT Maastricht, Netherlands",50.846811,5.69212,Netherlands,+31 43 321 5111,http://www.rodekruis.nl/maastricht,https://maps.google.com/?cid=3834450824198834869,Limburg,Maastricht
11,ChIJ5d-maabuwEcRBNwzwBCXqfs,Rode Kruis Eijsden-Margraten,"Kerkeweg 2, 6245 MH Eijsden, Netherlands",50.7878444,5.722296,Netherlands,+31 43 409 4306,http://www.rodekruis.nl/eijsden-margraten,https://maps.google.com/?cid=18134191472783907844,Limburg,Eijsden
15,ChIJi_thzibAwEcRsn1v4qfLB9E,Rode Kruis Valkenburg aan de Geul/Nuth,"Bosstraat 5, 6301 HM Valkenburg, Netherlands",50.8718706,5.8229332,Netherlands,+31 6 50235646,http://www.rodekruis.nl/,https://maps.google.com/?cid=15062231400682847666,Limburg,Valkenburg aan de Geul
16,ChIJ18_q0i-UwEcRWPPVaEKIGW4,Rode Kruis Mergelland,"Wittemer Allee 24, 6286 AB Wittem, Netherlands",50.8130709,5.9134158,Netherlands,+31 43 450 3331,http://www.rodekruis.nl/?cid=onlineadvertising&utm_source=google&utm_medium=places&utm_campaign=google_places&utm_content=Wittem,https://maps.google.com/?cid=7933522037397910360,Limburg,Gulpen-Wittem
17,ChIJk7epzLy9wEcRJ60bVSzVxco,Rode Kruis Heerlen e.o.,"Nobelstraat 51, 6411 EL Heerlen, Netherlands",50.883902,5.979322,Netherlands,+31 45 571 4618,http://www.rodekruis.nl/,https://maps.google.com/?cid=14611318952456596775,Limburg,Heerlen
18,ChIJ_YyP3EqWwEcRWJLJwCoOq1A,Rode Kruis Bocholtz-Simpelveld-Vaals,"Jamarstraat 11, 6369 ED Simpelveld, Netherlands",50.8363404,5.980809499999999,Netherlands,+31 45 544 2800,http://www.rodekruis.nl/,https://maps.google.com/?cid=5812755320837608024,Limburg,Simpelveld
2,ChIJMzXK1uC8wEcRZvECjx7_8Fw,Rode Kruis Landgraaf,"Lichtenbergerstraat 7, 6371 AS Landgraaf, Netherlands",50.9038578,6.0196041,Netherlands,+31 45 532 3590,http://www.rodekruis.nl/,https://maps.google.com/?cid=6697133152613364070,Limburg,Landgraaf
3,ChIJjdJjFf67wEcR7elOgF0V5hU,Rode Kruis Brunssum,"Limburgiaplantsoen 62, 6445 XD Brunssum, Netherlands",50.9366023,5.9810299,Netherlands,+31 45 571 4700,http://afdeling.rodekruis.nl/afdeling/brunssum,https://maps.google.com/?cid=1577972210768734701,Limburg,Brunssum
7,ChIJESHRMELHwEcRnTlAwY3QYZY,Rode Kruis Westelijke Mijnstreek Zuid,"Kinkenweg 13A, 6166 AM Geleen, Netherlands",50.96900900000001,5.8370931,Netherlands,+31 46 475 2462,http://www.rodekruis.nl/,https://maps.google.com/?cid=10836171485681301917,Limburg,Sittard-Geleen
9,ChIJ4Vmr6oy7wEcR4REz4XqwbEU,Rode Kruis afdeling Brunssum e.o.,"De Insel 18, 6442 AJ Brunssum, Netherlands",50.9493883,5.9820765,Netherlands,+31 45 571 4700,http://www.rodekruis.nl/brunssum,https://maps.google.com/?cid=5002567327912497633,Limburg,Brunssum
11,ChIJg_jikw29wEcRmDSXV5ooxu0,Rode Kruis Zuid-Limburg,"Jan Campertstraat 5, 6416 SG Heerlen, Netherlands",50.8826214,6.003754499999999,Netherlands,+31 45 541 2416,http://www.rodekruis.nl/,https://maps.google.com/?cid=17133426475737232536,Limburg,Heerlen
14,ChIJX3wMyvrYxkcRFOGE0HAUKqM,Rode Kruis Eindhoven e.o.,"Willem van Konijnenburglaan 6, 5613 DW Eindhoven, Netherlands",51.4387588,5.495183,Netherlands,+31 40 244 3311,https://www.rodekruis.nl/,https://maps.google.com/?cid=11757232251971363092,Noord-Brabant,Eindhoven
16,ChIJJ2z3bZOiwEcR3zmoSQnSwwY,Rode Kruis Kerkrade,"Hoofdstraat 24, 6461 CR Kerkrade, Netherlands",50.8643012,6.0662774,Netherlands,+31 45 205 7010,http://www.rodekruis.nl/,https://maps.google.com/?cid=487464122018445791,Limburg,Kerkrade
4,ChIJMzYBYm64wEcRx3Gdlf2fIpI,Rode Kruis afd. Sittard e.o.,"Hemelsley 20, 6136 HM Sittard, Netherlands",51.0047554,5.8789811,Netherlands,+31 46 451 1448,unknown,https://maps.google.com/?cid=10530154790231306695,Limburg,Sittard-Geleen
12,ChIJsVhJBVtLx0cRqRFFde_zJhY,Rode Kruis Roermond eo,"Molengriendweg 3, 6041 BN Roermond, Netherlands",51.2071191,5.999304,Netherlands,+31 475 318 228,http://www.rodekruisroermond.nl/,https://maps.google.com/?cid=1596231327739613609,Limburg,Roermond
16,ChIJcwOdyEBPx0cRG7-ny-21mxI,Het Nederlandse Rode Kruis,"Rinkesfort 15, 5993 PV Maasbree, Netherlands",51.33904769999999,6.0588282,Netherlands,+31 77 465 3800,https://www.rodekruis.nl/,https://maps.google.com/?cid=1340865347001499419,Limburg,Peel en Maas
10,ChIJn_3onP-AxEcRF_7jgWrXXVU,Rode Kruis Zeeuws-Vlaanderen,"Meester F.J. Haarmanweg 13, 4538 AM Terneuzen, Netherlands",51.327254,3.829618,Netherlands,+31 115 615 029,http://www.rodekruis.nl/zeeuws-vlaanderen,https://maps.google.com/?cid=6151309518503673367,Zeeland,Terneuzen
5,ChIJ0cNpn4WfxEcReJ1P94_GF0A,Rode Kruis Midden en West Zeeuws Vlaanderen,"Burgemeester Gratamastraat 2, 4501 JD Oostburg, Netherlands",51.3279218,3.4848372,Netherlands,+31 115 615 029,http://www.rodekruis.nl/zeeuwsvlaanderen,https://maps.google.com/?cid=4618378264523545976,Zeeland,Sluis
5,ChIJHXNELnkyx0cRKlnFJj9gIy4,Rode Kruis Weert e.o.,"Boerhaavestraat 15A, 6001 AV Weert, Netherlands",51.25578669999999,5.7114425,Netherlands,+31 495 533 300,https://www.rodekruis.nl/,https://maps.google.com/?cid=3324606774279231786,Limburg,Weert
12,ChIJMdS3ejrPxkcR4XAFkkDWZDs,Rode Kruis De Zaligheden,"Torendreef 22, 5531 ET Bladel, Netherlands",51.3703729,5.2247808,Netherlands,+31 497 384 705,https://www.rodekruis.nl/de-zaligheden/over-onze-afdeling/,https://maps.google.com/?cid=4279781118724894945,Noord-Brabant,Bladel
18,ChIJW2qrXWQpx0cRtoBKfHLPyb8,Rode Kruis Cranendonck,"Heuvel 1, 6027 PN Soerendonk, Netherlands",51.3050692,5.5782973,Netherlands,+31 495 840 182,http://www.rodekruis.nl/,https://maps.google.com/?cid=13819805022181556406,Limburg,Cranendonck
4,ChIJd4XknmNOx0cR4x4X7K7svEM,Rode Kruis Beesel/Reuver/Offenbeek,"Keulseweg 39A, 5953 HE Reuver, Netherlands",51.28634479999999,6.0848605,Netherlands,+31 77 474 4955,http://www.rodekruis.nl/,https://maps.google.com/?cid=4881036332192177891,Limburg,Beesel
5,ChIJu9yO3hMrx0cRKgo2KQiPVa4,Het Nederlandse Rode Kruis,"Stationsweg 55, 6024 BK Budel-Dorplein, Netherlands",51.2424882,5.568671399999999,Netherlands,+31 495 840 182,https://www.rodekruis.nl/,https://maps.google.com/?cid=12562104000833784362,Noord-Brabant,Cranendonck
7,ChIJJ6Ml2VZIx0cR6w_dAUvZrfM,Rode Kruis Locatie Peel en Maas,"Piushof 137, 5981 VW Panningen, Netherlands",51.321386,5.977315,Netherlands,+31 77 465 3800,http://www.rodekruis.nl/peelenmaas,https://maps.google.com/?cid=17558929438364471275,Limburg,Peel en Maas
8,ChIJm3-vq3fKwEcRBoi04rJc3po,Rode Kruis Echt e.o.,"Julianalaan 64, 6051 AV Maasbracht, Netherlands",51.1441423,5.8891521,Netherlands,+31 475 462 912,http://www.rodekruis.nl/,https://maps.google.com/?cid=11159458850048083974,Limburg,Maasgouw
10,ChIJY5gIJTVOx0cR7MAnS4vDBvU,Rode Kruis Belfeld,"Schoolstraat 14, 5951 DG Belfeld, Netherlands",51.3128301,6.114011,Netherlands,+31 77 475 2296,http://www.rodekruisbelfeld.nl/,https://maps.google.com/?cid=17656014392181375212,Limburg,Venlo
13,ChIJdWVdnt5ax0cRZB-ZbWSdlpk,Rode kruis afdeling venlo,"Nijmeegseweg 40, 5916 PT Venlo, Netherlands",51.3895116,6.1761193,Netherlands,+31 77 351 5388,http://rodekruis.nl/venlo,https://maps.google.com/?cid=11067206188970614628,Limburg,Venlo
14,ChIJgSVe3mUlx0cRr39xsyi0cl0,Rode Kruis Someren,"Beusakker 27, 5712 MG Someren, Netherlands",51.3855391,5.7010418,Netherlands,+31 492 331 958,http://www.rodekruis.nl/,https://maps.google.com/?cid=6733642479774564271,Noord-Brabant,Someren
17,ChIJayU0WYDHwEcRHMjRCtSCmVM,Stichting Huisvesting Rode Kruis Sittard e.o.,"Landweringstraat 34, 6133 AH Sittard, Netherlands",50.9933542,5.858455999999999,Netherlands,unknown,unknown,https://maps.google.com/?cid=6023989823810947100,Limburg,Sittard-Geleen
1,ChIJl5uOoNJax0cRf-nI--NrxGY,Rode Kruis Brabant Noord-Oost,"Deltakade 7, 5928 PX Venlo, Netherlands",51.38522,6.1550748,Netherlands,+31 77 397 0560,http://www.rodekruis.nl/,https://maps.google.com/?cid=7405162314229934463,Limburg,Venlo
2,ChIJNyxBgFBBx0cROVLs2zCM-p0,Rode Kruis Horst a/d Maas-Venray,"Gebroeders van Doornelaan 63, 5961 BB Horst, Netherlands",51.4645906,6.0480882,Netherlands,+31 6 37298292,http://www.rodekruis.nl/,https://maps.google.com/?cid=11383565149608366649,Limburg,Horst aan de Maas
4,ChIJc0xiTcgnx0cRGX4SevEt_lA,Rode Kruis Heeze-Leende,"De Zegge 7, 5591 TT Heeze, Netherlands",51.4018914,5.5708147,Netherlands,+31 40 206 0966,http://www.rodekruis.nl/,https://maps.google.com/?cid=5836152682277142041,Noord-Brabant,Heeze-Leende
7,ChIJ5ytBgFBBx0cRb6BpKa0EJDU,Rode Kruis,"Loevestraat 17A, 5961 TV Horst, Netherlands",51.4535215,6.0539039,Netherlands,+31 478 691 430,http://www.rodekruis.nl/,https://maps.google.com/?cid=3829190724942405743,Limburg,Horst aan de Maas
10,ChIJUWoaTaIlx0cROyg_pJAP9K8,Rode Kruis Bungalow,"Philipsbosweg 9, 5715 RE Lierop, Netherlands",51.40126189999999,5.6734893,Netherlands,+31 492 331 310,http://www.rodekruisbungalow.nl/,https://maps.google.com/?cid=12678775964860098619,Noord-Brabant,Someren
11,ChIJTf4B4N0jx0cRmE5xovc9_QI,Rode Kruis Helmond e.o.,"Nachtegaallaan 215, 5702 KM Helmond, Netherlands",51.49778360000001,5.6658916,Netherlands,+31 492 523 016,unknown,https://maps.google.com/?cid=215396490975202968,Noord-Brabant,Helmond
15,ChIJMyjhGL0Sx0cRj9168oVLl7I,Het Nederlandse Rode Kruis,"Norbertplein 3, 6591 XA Gennep, Netherlands",51.68802059999999,5.9846955,Netherlands,unknown,http://www.rodekruisgennep.nl/,https://maps.google.com/?cid=12868837498905353615,Limburg,Gennep
0,ChIJLcF91teQxEcRfMmMklpRi0Q,Rode Kruis Walcheren,"Klein Vlaanderen 59, 4331 RG Middelburg, Netherlands",51.501545,3.608052,Netherlands,+31 113 253 893,http://www.rodekruis.nl/walcheren,https://maps.google.com/?cid=4939130865789487484,Zeeland,Middelburg
1,ChIJN5yoTw9jxEcR2x9eBvlTIeM,Rode Kruis Kapelle,"postadres, Cederlaan 2, 4421 BZ Kapelle, Netherlands",51.4805794,3.9629925,Netherlands,+31 113 341 167,http://www.rodekruis.nl/kapelle,https://maps.google.com/?cid=16366454849859887067,Zeeland,Kapelle
2,ChIJN5yoTw9jxEcRhwNLHCmz2aE,Rode Kruis Zeeland,"Conferencestraat 69, 4421 DR Kapelle, Netherlands",51.4908374,3.956696,Netherlands,+31 70 445 5666,http://www.rodekruis.nl/?cid=onlineadvertising&utm_source=google&utm_medium=places&utm_campaign=google_places&utm_content=Zeeland,https://maps.google.com/?cid=11662549699202319239,Zeeland,Kapelle
3,ChIJrZKFeumJxEcRxUgJCD-vJq8,Rode Kruis Noord-West Beveland,"Golda Meierstraat 25, 4463 DC Goes, Netherlands",51.5170632,3.8852809,Netherlands,+31 113 227 280,http://www.rodekruis.nl/?cid=onlineadvertising&utm_source=google&utm_medium=places&utm_campaign=google_places&utm_content=Wolphaartsdijk,https://maps.google.com/?cid=12620967691005020357,Zeeland,Goes
4,ChIJvbD0ObCQxEcRmz9uoDpoprs,Het Nederlandse Rode Kruis,"Lekstraat 35, 4388 SR Oost-Souburg, Netherlands",51.4712472,3.6045921,Netherlands,+31 118 463 092,https://www.rodekruis.nl/,https://maps.google.com/?cid=13521609532235464603,Zeeland,Vlissingen
19,ChIJv6e7P4w-xEcREpq6lQzG1mU,The Netherlands Red Cross Society,"Slobbegorsedijk 2, 4794 RR Heijningen, Netherlands",51.6495414,4.4133662,Netherlands,+31 168 462 315,https://www.rodekruis.nl/,https://maps.google.com/?cid=7338270400200743442,Noord-Brabant,Moerdijk
8,ChIJNdvOL09FxEcRWFQJB-wGpew,Rode Kruis,"Marnix Gijsenstraat, 3245 ME Sommelsdijk, Netherlands",51.7637153,4.153685,Netherlands,unknown,https://www.rodekruis.nl/,https://maps.google.com/?cid=17052043174908351576,Zuid-Holland,Goeree-Overflakkee
9,ChIJaZGZfJRsxEcReMFBKM_AdK8,Rode Kruis,"225 Karmel, 4613 BS Bergen op Zoom, Netherlands",51.5031358,4.2773919,Netherlands,+31 76 523 0030,http://www.rodekruis.nl/,https://maps.google.com/?cid=12642942049901986168,Noord-Brabant,Bergen op Zoom
11,ChIJoZkj_y-WxEcRKJKGzKLNKnU,"Rode Kruis afdeling Walcheren, locatie Veere","Burgemeester Adelaarstraat 1, 4365 AG Meliskerke, Netherlands",51.5150197,3.5114619,Netherlands,unknown,http://www.rodekruis.nl/walcheren,https://maps.google.com/?cid=8442786550559183400,Zeeland,Veere
12,ChIJnTcjkxJ4xEcRwVoXUjNYkRY,Rode Kruis Hulst,"Tabakstraat 26, 4561 HW Hulst, Netherlands",51.2889006,4.0502768,Netherlands,+31 114 310 790,unknown,https://maps.google.com/?cid=1626177917901298369,Zeeland,Hulst
13,ChIJixOLA-NcxEcRBrJ0EAjPLFg,Rode Kruis Duvelant,"Dorpsweg 32A, 4311 RL Bruinisse, Netherlands",51.6561669,4.0913388,Netherlands,+31 111 481 901,http://www.rodekruis.nl/,https://maps.google.com/?cid=6353680807855698438,Zeeland,Schouwen-Duiveland
16,ChIJzdnaWxfyxEcRDcntAujR8Mk,The Netherlands Red Cross Society,"Schuitkant 5, 4328 BE Burgh-Haamstede, Netherlands",51.69730990000001,3.7452641,Netherlands,+31 111 651 825,http://www.rodekruis.nl/schouwen-zierikzee,https://maps.google.com/?cid=14551361190445828365,Zeeland,Schouwen-Duiveland
19,ChIJ_-d4fO1nxEcRVIJckR5RJt4,Het Nederlandse Rode Kruis - Afdeling Tholen-Reimerswaal,"Noordpoort 10, 4695 BX Sint-Maartensdijk, Netherlands",51.550805,4.0783395,Netherlands,+31 166 652 049,http://www.rodekruis.nl/,https://maps.google.com/?cid=16007571117264634452,Zeeland,Tholen
4,ChIJC5vkuh1LxEcRmIIF6Yi7QsM,The Netherlands Red Cross Society,"Trimpad 4, 3135 GA Vlaardingen, Netherlands",51.9225283,4.3634061,Netherlands,+31 10 234 2049,http://rodekruis-nieuwewaterwegnoord.nl/,https://maps.google.com/?cid=14070014382558249624,Zuid-Holland,Vlaardingen
6,ChIJaQOvCvc2xEcRycIK89hMW-o,The Netherlands Red Cross Society,"Julianastraat 11, 3262 SH Oud-Beijerland, Netherlands",51.8238095,4.4134714,Netherlands,+31 186 623 577,http://www.rodekruis.nl/,https://maps.google.com/?cid=16887175722430022345,Zuid-Holland,Oud-Beijerland
12,ChIJYzgCOVkzxEcR8LTSkH-Yrhg,Rode Kruis Rotterdam,"Leeuwenstraat 9 11, 3011 AL Rotterdam, Netherlands",51.9213939,4.4823332,Netherlands,+31 10 206 0622,http://www.rodekruis.nl/rotterdam,https://maps.google.com/?cid=1778526576515921136,Zuid-Holland,Rotterdam
0,ChIJx9xrdtYWxEcRWrGssz8kz94,Rode Kruis Roosendaal,"Gezellelaan 18e, 4707 CD Roosendaal, Netherlands",51.5198152,4.4626575,Netherlands,+31 13 542 5163,http://www.rodekruis.nl/,https://maps.google.com/?cid=16055091052615086426,Noord-Brabant,Roosendaal
7,ChIJCz6ITC2-xkcRKr5d-88LmXI,Rode Kruis Tilburg,"Centaurusweg 57, 5015 TC Tilburg, Netherlands",51.5777965,5.1066236,Netherlands,+31 13 542 5163,http://www.rodekruis.nl/tilburg,https://maps.google.com/?cid=8257644379663875626,Noord-Brabant,Tilburg
14,ChIJhYdgkuYoxEcRFTTDb5xrBrA,The Netherlands Red Cross Society,"Dubbelsteynlaan West 43, 3319 EK Dordrecht, Netherlands",51.7937865,4.6954916,Netherlands,+31 78 616 6066,https://www.rodekruis.nl/dordrecht/,https://maps.google.com/?cid=12683943720169714709,Zuid-Holland,Dordrecht
15,ChIJAV1JFI_qxkcRmCgLcziJIUU,Rode Kruis Oisterwijk,"Blokshekken 6, 5061 HA Oisterwijk, Netherlands",51.5810738,5.1903504,Netherlands,+31 13 522 0457,http://www.rodekruis.nl/,https://maps.google.com/?cid=4981413538389764248,Noord-Brabant,Oisterwijk
0,ChIJE0JaQAroxkcRUhC8Bic8GO8,Rode Kruis Midden- en West-Brabant,"Centaurusweg 52, 5015 TA Tilburg, Netherlands",51.5747467,5.102571800000001,Netherlands,+31 13 542 5163,http://www.rodekruis.nl/,https://maps.google.com/?cid=17228586512820211794,Noord-Brabant,Tilburg
10,ChIJI2AAPUEpxEcRx320LzWb3Ak,The Netherlands Red Cross Society,"Duivenstraat 70, 3353 AG Papendrecht, Netherlands",51.825803,4.6907499,Netherlands,+31 78 615 3939,http://www.rodekruis.nl/,https://maps.google.com/?cid=710613493953625543,Zuid-Holland,Papendrecht
14,ChIJbaDowlW_xkcRzpm0DVpTrMc,Rode Kruis Hilvarenbeek,"De Klapstaarten 5, 5085 GA Esbeek, Netherlands",51.4625281,5.136863,Netherlands,+31 13 516 9904,http://www.rodekruis.nl/hilvarenbeek,https://maps.google.com/?cid=14387966555783993806,Noord-Brabant,Hilvarenbeek
11,ChIJzaYkE-QuxEcRNuEzt-BX2ts,Rode Kruis Zwijndrechtsewaard,"Kapitein Rietbergenflat 26, 3333 CA Zwijndrecht, Netherlands",51.8095694,4.6330155,Netherlands,+31 6 53166735,http://www.rodekruis.nl/zwijndrechtsewaard,https://maps.google.com/?cid=15842071261887062326,Zuid-Holland,Zwijndrecht
12,ChIJhZ1hfA-GxkcRzSuypXvYSpg,Rode Kruis Gorinchem,"Marinus Spronklaan 57, 4205 CG Gorinchem, Netherlands",51.8395383,4.9716799,Netherlands,+31 183 821 247,https://www.rodekruis.nl/hardinxveld-giessendam/onze-activiteiten/sociale-hulp-zelfredzaamheid/,https://maps.google.com/?cid=10973821467614129101,Zuid-Holland,Gorinchem
13,ChIJrRsl5AqCxkcRFzyT1C3la9w,Rode Kruis Sliedrecht,"Jacob Catsstraat 2, 3362 XE Sliedrecht, Netherlands",51.82096749999999,4.7756076,Netherlands,+31 184 410 362,http://www.rodekruis.nl/,https://maps.google.com/?cid=15883040495854894103,Zuid-Holland,Sliedrecht
16,ChIJm_-BR58txEcRAI-LfUYSvFw,The Netherlands Red Cross Society,"Willem Pijperstraat 15, 2983 VP Ridderkerk, Netherlands",51.884978,4.6001116,Netherlands,+31 180 413 458,https://www.rodekruis.nl/,https://maps.google.com/?cid=6682236041074282240,Zuid-Holland,Ridderkerk
1,ChIJE53BGFbcxkcRy-8qZs3Cgj0,Rode Kruis Best,"Nazarethstraat 144, 5683 AB Best, Netherlands",51.5103826,5.3943622,Netherlands,unknown,http://www.rodekruis.nl/afdeling/best,https://maps.google.com/?cid=4432319170724163531,Noord-Brabant,Best
2,ChIJse_1GXUHx0cRMqYZtbPAwxg,Rode Kruis Beuningen (Gld),"Begoniastraat 1, 6641 BR Beuningen GLD, Netherlands",51.8603033,5.777066599999999,Netherlands,+31 6 23080933,https://www.rodekruis.nl/,https://maps.google.com/?cid=1784481755438884402,Gelderland,Beuningen
3,ChIJKQ8OzUXoxkcRIz7jYouKlvw,Nederlandse Rode Kruis Het,"Jan Kruijsenstraat 13A, 5281 JL Boxtel, Netherlands",51.5902846,5.320952,Netherlands,+31 70 445 5678,https://www.rodekruis.nl/meierijstad-boxtel-boekel/contact/,https://maps.google.com/?cid=18200887275328585251,Noord-Brabant,Boxtel
4,ChIJDZLKqsfhxkcRcQnPcOjG6nY,Het Nederlandse Rode Kruis,"Evertsenstraat 1, 5463 HM Veghel, Netherlands",51.6078748,5.5467325,Netherlands,+31 413 341 872,https://www.rodekruis.nl/,https://maps.google.com/?cid=8568879942653118833,Noord-Brabant,Meierijstad
6,ChIJYcOELIj-xkcRkDrpTyXpV3s,Het Nederlandse Rode Kruis,"Plataan 7, 5366 CJ Megen, Netherlands",51.8187904,5.55885,Netherlands,+31 412 462 995,https://www.rodekruis.nl/,https://maps.google.com/?cid=8887828736102709904,Noord-Brabant,Oss
15,ChIJ6QPUR_fuxkcRGo7AABOhj0M,Rode Kruis 's-Hertogenbosch e.o.,"Oude Dieze 12, 5211 KV 's-Hertogenbosch, Netherlands",51.685693,5.308294999999999,Netherlands,+31 73 613 2879,https://www.rodekruis.nl/den-bosch/over-onze-afdeling/,https://maps.google.com/?cid=4868286825199865370,Noord-Brabant,'s-Hertogenbosch
3,ChIJH26NkToPx0cRztiNu81pSNo,Het Nederlands Rode Kruis Gemeente Heumen,"Rijksweg 144A, 6581 ES Malden, Netherlands",51.7798336,5.853288500000001,Netherlands,+31 24 358 5158,http://www.rodekruis.nl/heumen,https://maps.google.com/?cid=15728938030927304910,Gelderland,Heumen
9,ChIJA93gU_8Ix0cRxaDNXX4DWQw,The Netherlands Red Cross Society,"Gelderselaan 14, 6523 LJ Nijmegen, Netherlands",51.83261110000001,5.8737263,Netherlands,+31 15 279 8153,http://www.rodekruisnijmegen.nl/,https://maps.google.com/?cid=889746242656903365,Gelderland,Nijmegen
13,ChIJDZLKqsfhxkcRqIH742DIRac,Rode Kruis Afdeling Veghel eo,"Evertsenstraat 9, 5463 HM Veghel, Netherlands",51.6078748,5.5467325,Netherlands,unknown,https://www.rodekruis.nl/meierijstad-boxtel-boekel/,https://maps.google.com/?cid=12053260296194326952,Noord-Brabant,Meierijstad
14,ChIJY_ANZon8xkcRmetKGikiAnM,The Netherlands Red Cross Society,"Kromstraat 45, 5345 AA Oss, Netherlands",51.7616789,5.5142391,Netherlands,+31 412 623 533,http://www.rodekruis.nl/,https://maps.google.com/?cid=8287223824245255065,Noord-Brabant,Oss
16,ChIJgx4dmscGx0cRfP5SE-gKUgo,Rode Kruis Wijchen,"Veenhof 1955, 6604 DG Wijchen, Netherlands",51.81943709999999,5.7339262,Netherlands,+31 24 641 7518,http://www.rodekruiswijchen.nl/?cid=onlineadvertising&utm_source=google&utm_medium=places&utm_campaign=google_places&utm_content=wijchen,https://maps.google.com/?cid=743668880342449788,Gelderland,Wijchen
18,ChIJedWiNa4dx0cRE6sWUpMcm_I,Rode Kruis Uden e.o.,"Hekkeslag 26, 5404 MN Uden, Netherlands",51.6507211,5.613438299999999,Netherlands,+31 413 255 188,http://www.rodekruis.nl/,https://maps.google.com/?cid=17481597797631699731,Noord-Brabant,Uden
8,ChIJuwJlp9GDxkcRNNsCn3-7Y0Q,Het Nederlandse Rode Kruis,"Damstraat 26, 3371 AD Hardinxveld-Giessendam, Netherlands",51.8296819,4.8353419,Netherlands,+31 184 618 894,http://www.rodekruis.nl/,https://maps.google.com/?cid=4927988574076459828,Zuid-Holland,Hardinxveld-Giessendam
9,ChIJkXnrfEcOx0cRuBYJNOx3UHY,Rode Kruis Land van Cuijk,"Stationsplein 112, 5431 CE Cuijk, Netherlands",51.72717369999999,5.874329899999999,Netherlands,+31 485 316 557,http://www.rodekruis.nl/,https://maps.google.com/?cid=8525445950981347000,Noord-Brabant,Cuijk
10,ChIJw7z-_57zxkcRyMVxQotK2Z8,Red Cross department Bommelerwaard,"Steenweg 83, 5301 HK Zaltbommel, Netherlands",51.8016604,5.2433397,Netherlands,unknown,http://www.rodekruisbommelerwaard.nl/,https://maps.google.com/?cid=11518319483952416200,Gelderland,Zaltbommel
11,ChIJwzU4w7sYx0cR-u8TJzi-Ygk,Rode Kruis Gemert/Beek en Donk/Lieshout,"Macropediusplantsoen 9, 5421 RX Gemert, Netherlands",51.5611472,5.6829626,Netherlands,+31 70 445 5678,http://www.rodekruis.nl/,https://maps.google.com/?cid=676312042442059770,Noord-Brabant,Gemert-Bakel
12,ChIJD52pA1Qcx0cRu4FPG828dpg,Het Nederlandse Rode Kruis,"Wilack 332, 5403 VW Uden, Netherlands",51.6699807,5.6411162,Netherlands,+31 413 269 687,https://www.rodekruis.nl/,https://maps.google.com/?cid=10986175930129416635,Noord-Brabant,Uden
13,ChIJgzmI9vmRxkcR5eXPcLI-PJo,Het Nederlandse Rode Kruis,"Nieuwe Steeg 23, 4266 EH Eethen, Netherlands",51.7337375,5.0640808,Netherlands,+31 416 351 319,https://www.rodekruis.nl/,https://maps.google.com/?cid=11113826916561315301,Noord-Brabant,Aalburg
14,ChIJZ9vqo5QYx0cRROBA8R8lao8,Het Nederlandse Rode Kruis,"Melkster 25, 5422 DJ Gemert, Netherlands",51.5653184,5.698373999999999,Netherlands,+31 492 367 804,https://www.rodekruis.nl/,https://maps.google.com/?cid=10334113114076799044,Noord-Brabant,Gemert-Bakel
15,ChIJbaDowlW_xkcRZulPtFdulc4,Het Nederlandse Rode Kruis,"De Klapstaarten 16, 5085 GB Esbeek, Netherlands",51.46251360000001,5.1368906,Netherlands,+31 13 505 6400,https://www.rodekruis.nl/,https://maps.google.com/?cid=14885925466309388646,Noord-Brabant,Hilvarenbeek
16,ChIJ1RfkmcaFxkcRAHJpRohKEPA,Het Nederlandse Rode Kruis,"Lindenhof 10, 4254 BR Sleeuwijk, Netherlands",51.8165245,4.9462906,Netherlands,+31 183 304 070,https://www.rodekruis.nl/,https://maps.google.com/?cid=17298408117887398400,Noord-Brabant,Werkendam
2,ChIJywOO1IVrx0cREDBCcU_qWxM,Het Nederlandse Rode Kruis,"Pieter Mondriaanstraat, 5854 GA Bergen, Netherlands",51.60362,6.0598996,Netherlands,+31 6 53132542,https://www.rodekruis.nl/,https://maps.google.com/?cid=1394966136524779536,Limburg,Bergen
11,ChIJ3dfIHoh1x0cROt561voObYo,Rode Kruis Rijnwaarden,"Graaf Ottoweg 52, 6915 VX Lobith, Netherlands",51.8625754,6.114479299999999,Netherlands,+31 316 543 428,http://www.rodekruis.nl/rijnenijsselstreek,https://maps.google.com/?cid=9974645220198506042,Gelderland,Rijnwaarden
3,ChIJA4p8vYFrx0cRGk0oP3YqFIQ,Rode Kruis Bergen (L),"De Flammert 1026, 5854 NA Bergen, Netherlands",51.6083721,6.0464438,Netherlands,+31 485 343 303,http://www.rodekruis.nl/,https://maps.google.com/?cid=9517278599894813978,Limburg,Bergen
12,ChIJMyjhGL0Sx0cRMUr9_4j2pDo,Rode Kruis Gennep e.o.,"Norbertplein 3, 6591 XA Gennep, Netherlands",51.6899511,5.9815683,Netherlands,+31 6 54210815,http://www.rodekruisgennep.nl/category/view/frontpage,https://maps.google.com/?cid=4225773418651142705,Limburg,Gennep
13,ChIJq8edU_8Ix0cRPBIfLDcAL2M,Studentendesk Rode Kruis Nijmegen,"Gelderselaan 14, 6523 LJ Nijmegen, Netherlands",51.8323602,5.873618,Netherlands,unknown,http://studentendesknijmegen.nl/,https://maps.google.com/?cid=7146931370623701564,Gelderland,Nijmegen
15,ChIJlyogGhQlx0cRDfNZYRstFQo,Het Nederlandse Rode Kruis,"Heiveldsestraat 21, 5711 PB Someren, Netherlands",51.4020406,5.7059291,Netherlands,+31 492 331 958,https://www.rodekruis.nl/,https://maps.google.com/?cid=726536510510854925,Noord-Brabant,Someren
19,ChIJw8ajLAGlx0cR9FuunJmyZRU,Rode Kruis Arnhem,"Cattepoelseweg 263, 6815 CD Arnhem, Netherlands",52.0036679,5.9099197,Netherlands,+31 26 443 1700,http://www.rodekruis.nl/arnhem,https://maps.google.com/?cid=1541834820272675828,Gelderland,Arnhem
1,ChIJRRGdWcSEx0cR5GwM-c6ftJI,Rode Kruis Doetinchem,"Bachlaan 7, 7002 MZ Doetinchem, Netherlands",51.96682999999999,6.301705,Netherlands,+31 314 330 454,http://www.rodekruis.nl/doetinchem,https://maps.google.com/?cid=10571249936635817188,Gelderland,Doetinchem
3,ChIJMyCekpsIx0cR1uz8-ty0L_g,Stichting Interregionale Rode Kruis,"Weg door Jonkerbos 90, 6532 SZ Nijmegen, Netherlands",51.8203548,5.8318575,Netherlands,+31 24 365 7711,unknown,https://maps.google.com/?cid=17883711506508213462,Gelderland,Nijmegen
5,ChIJn1XvuWtUxkcRJFea3RnV7GU,Het Nederlandse Rode Kruis - Afdeling Rhenen,"Kerkstraat 1, 3911 LD Rhenen, Netherlands",51.9570434,5.5653201,Netherlands,+31 6 51083414,http://www.rodekruis.nl/,https://maps.google.com/?cid=7344479399403214628,Utrecht,Rhenen
6,ChIJU4yAXRx7uEcR-LD48eDnf3s,Rode Kruis Achterhoek Oost,"Gasthuisstraat 78, 7101 DX Winterswijk, Netherlands",51.973462,6.715387,Netherlands,unknown,https://rodekruis.nl/achterhoek-oost/,https://maps.google.com/?cid=8899086342025687288,Gelderland,Winterswijk
12,ChIJY6QqTptRxkcReD_3ZRC8Pno,Rode Kruis Veenendaal,"De Sterke Arm 10, 3901 ER Veenendaal, Netherlands",52.02199719999999,5.5563156,Netherlands,+31 318 517 040,http://www.rodekruis.nl/,https://maps.google.com/?cid=8808684699799469944,Utrecht,Veenendaal
15,ChIJ0RFi4WGrx0cRtdYtpMUfgkw,Rode Kruis afdeling Renkum-Wageningen,"Nederland, Netherlands",51.9691868,5.6653948,Netherlands,+31 85 060 3100,http://rodekruis.nl/Renkum-Wageningen,https://maps.google.com/?cid=5513003827578394293,Gelderland,Wageningen
18,ChIJof67Dd9WxkcRjDRah7oFiNQ,Rode Kruis Lienden,"Dorpsstraat 26, 4031 ME Ingen, Netherlands",51.96079169999999,5.4836395,Netherlands,+31 344 603 719,http://www.rodekruis.nl/,https://maps.google.com/?cid=15314496831566263436,Gelderland,Buren
1,ChIJ120dnsx6uEcRHnvjbRK_lPs,Het Nederlandse Rode Kruis,"Gasthuisstraat 78, 7101 DX Winterswijk, Netherlands",51.97343840000001,6.715364200000001,Netherlands,+31 543 523 939,https://www.rodekruis.nl/,https://maps.google.com/?cid=18128324485947030302,Gelderland,Winterswijk
13,ChIJN89OC5HHx0cROLbl4m7exyI,Rode Kruis afdeling Apeldoorn,"Schuttersweg 41, 7314 LD Apeldoorn, Netherlands",52.213856,5.9433047,Netherlands,+31 55 355 3340,https://www.rodekruis.nl/apeldoorn/,https://maps.google.com/?cid=2506216285489444408,Gelderland,Apeldoorn
14,ChIJe_fNOIgTuEcRS-3YrKbfIfA,Rode Kruis Enschede,"Blekerstraat 81, 7513 DT Enschede, Netherlands",52.215683,6.884497000000001,Netherlands,+31 53 431 3036,http://www.rodekruis.nl/enschede,https://maps.google.com/?cid=17303357150291619147,Overijssel,Enschede
15,ChIJRRP6tbwJxkcR8gaHfyT8Ykw,The Netherlands Red Cross Society,"Valkenburgerstraat 24, 1011 LZ Amsterdam, Netherlands",52.3702505,4.9080238,Netherlands,+31 20 622 6211,unknown,https://maps.google.com/?cid=5504238928288745202,Noord-Holland,Amsterdam
16,ChIJ5bwDwJgauEcRIAiSzyms_ZY,Het Nederlandse Rode Kruis,"Gunnerstraat 32A, 7597 LH Saasveld, Netherlands",52.3415939,6.836790799999999,Netherlands,+31 541 661 401,https://www.rodekruis.nl/,https://maps.google.com/?cid=10880041570373077024,Overijssel,Dinkelland
19,ChIJKy5euUDqx0cR9BKLG_wufoU,Rode Kruis,"H.G. Gooszenstraat 10, 7415 CL Deventer, Netherlands",52.2633228,6.1671833,Netherlands,+31 570 622 018,http://www.rodekruis.nl/deventer,https://maps.google.com/?cid=9619177514438693620,Overijssel,Deventer
0,ChIJaZ80Z0i3xUcRopYn1OGKoXY,Red Cross department Hague,"Zilverstraat 2, 2544 ER Den Haag, Netherlands",52.0513234,4.2609362,Netherlands,+31 70 350 5333,http://www.rodekruis.nl/denhaag,https://maps.google.com/?cid=8548266270257551010,Zuid-Holland,Den Haag
1,ChIJO5VhDfayxUcRNYuZ5hZ-aow,Het Nederlandse Rode Kruis - Afdeling Westland-West,"Meloenstraat 40 A, 2671 LA Naaldwijk, Netherlands",51.9876076,4.210025799999999,Netherlands,+31 6 51587152,http://www.rodekruis.nl/westland,https://maps.google.com/?cid=10118038149664443189,Zuid-Holland,Westland
2,ChIJe1KsoX9SxEcRXvs9tzqltRc,The Netherlands Red Cross Society,"Sint Catharijnehof 19, 3231 XS Brielle, Netherlands",51.9032622,4.162404599999999,Netherlands,+31 181 414 334,http://www.rodekruis.nl/,https://maps.google.com/?cid=1708453305257950046,Zuid-Holland,Brielle
3,ChIJ9xaJ4uC2xUcR_ogvRTflT-s,The Netherlands Red Cross,"Anna van Saksenlaan 50, 2593 HT Den Haag, Netherlands",52.0818604,4.346826,Netherlands,+31 70 445 5678,http://www.rodekruis.nl/,https://maps.google.com/?cid=16956023147619911934,Zuid-Holland,Den Haag
4,ChIJs0Dt3GyzxUcRdo14efCsOgg,The Netherlands Red Cross Society,"Burg, Burgemeester Crezeelaan 32A, 2678 KX De Lier, Netherlands",51.9728977,4.2544826,Netherlands,unknown,https://www.rodekruis.nl/westland/,https://maps.google.com/?cid=592976449782713718,Zuid-Holland,Westland
5,ChIJ1yANLZa1xUcR8qTk1vOQZkA,The Netherlands Red Cross Society,"Vulcanusweg 263, 2624 AV Delft, Netherlands",51.9967193,4.3604048,Netherlands,+31 15 212 3550,http://www.rodekruis.nl/,https://maps.google.com/?cid=4640555843008636146,Zuid-Holland,Delft
7,ChIJ-eUD8vBMxEcRHUM7RqBVLHQ,Rode Kruis Voorne Putten,"Plantageweg 4, 3232 LE Brielle, Netherlands",51.897403,4.166385,Netherlands,+31 6 51439068,http://www.rodekruis.nl/afdeling/voorneputten,https://maps.google.com/?cid=8371159954236326685,Zuid-Holland,Brielle
9,ChIJoYjuqva2xUcRyKoXr4h4850,The Netherlands Red Cross Society,"Kerklaan 122, 2282 CN Rijswijk, Netherlands",52.0533418,4.3362815,Netherlands,+31 70 336 8913,http://www.rodekruis.nl/denhaag,https://maps.google.com/?cid=11381573211743824584,Zuid-Holland,Rijswijk
10,ChIJs0I770y2xUcRzzhBH4JbdHM,The Netherlands Red Cross Society,"Herenstraat 165, 2271 CE Voorburg, Netherlands",52.0664947,4.3619808,Netherlands,+31 70 386 4166,https://www.rodekruis.nl/leidschendam-voorburg/,https://maps.google.com/?cid=8319375026088392911,Zuid-Holland,Leidschendam-Voorburg
11,ChIJ5RqCn2-4xUcRSkXJnf_5QQU,The Netherlands Red Cross Society,"Van Heeckerenstraat 2, 2242 GX Wassenaar, Netherlands",52.140234,4.392202,Netherlands,+31 70 511 3992,http://www.rodekruis.nl/,https://maps.google.com/?cid=378858719935022410,Zuid-Holland,Wassenaar
12,ChIJvcwHzU6xxUcRUAvoMIMu8_U,The Netherlands Red Cross Society,"Leyweg 831, 2545 HA Den Haag, Netherlands",52.04450569999999,4.280571399999999,Netherlands,+31 70 359 9688,http://rodekruis.nl/,https://maps.google.com/?cid=17722560099629140816,Zuid-Holland,Den Haag
14,ChIJD3J4wB3IxUcRQWYgFVlmOlI,Het Nederlandse Rode Kruis - Afdeling Leidschendam,"Veurse Achterweg 14, 2264 SG Leidschendam, Netherlands",52.0944209,4.403255199999999,Netherlands,+31 70 327 6325,http://www.rodekruis.nl/,https://maps.google.com/?cid=5925160792551876161,Zuid-Holland,Leidschendam-Voorburg
17,ChIJnao4llq_xUcR57ip61Qs2yo,The Netherlands Red Cross Society Branch Katwijk,"Prins Hendrikkade 12, 2225 TZ Katwijk aan Zee, Netherlands",52.2053233,4.4074919,Netherlands,+31 6 20226865,http://www.rodekruiskatwijk.nl/,https://maps.google.com/?cid=3088110712735250663,Zuid-Holland,Katwijk
19,ChIJUz8wZ0i3xUcRM2oIIFZOq5w,Het Haagse Rode Kruis,"Koninginnegracht 92, 2514 AK Den Haag, Netherlands",52.0937122,4.3084506,Netherlands,unknown,https://www.rodekruis.nl/den-haag-rijswijk/nieuwsbericht/rode-kruis-gala-2018/,https://maps.google.com/?cid=11289203022745856563,Zuid-Holland,Den Haag
0,ChIJzXb3vlrGxUcRcCeay8khnp0,Rode Kruis Leiden e.o.,"Apollolaan 1B, 2324 BR Leiden, Netherlands",52.1396633,4.4764618,Netherlands,+31 71 531 3705,http://www.rodekruis.nl/leiden,https://maps.google.com/?cid=11357552460862990192,Zuid-Holland,Leiden
2,ChIJxwMvlTHJxUcRWvLyeV01Alg,The Netherlands Red Cross Society,"Clauslaan 2 a, 2713 VN Zoetermeer, Netherlands",52.0549052,4.4873572,Netherlands,+31 79 316 3804,http://www.rodekruis.nl/zoetermeer,https://maps.google.com/?cid=6341689900885275226,Zuid-Holland,Zoetermeer
3,ChIJ64CvCH9SxEcRCfCMWS1MBLw,The Netherlands Red Cross Society,"3230 AE Brielle, Netherlands",51.89742099999999,4.166371,Netherlands,+31 10 234 2279,http://www.rodekruis.nl/afdeling/voorneputten,https://maps.google.com/?cid=13548037336696942601,Zuid-Holland,Brielle
4,ChIJ6xecKwi3xUcRtQP9Hwc5y7Q,Verenigingskantoor Nederlandse Rode Kruis,"Anna van Saksenlaan 50, 2593 HT Den Haag, Netherlands",52.0818673,4.34682,Netherlands,+31 70 445 5678,http://www.rodekruis.nl/,https://maps.google.com/?cid=13027569049863521205,Zuid-Holland,Den Haag
5,ChIJw_HjkzvBxUcRVRgimcwDFdQ,The Netherlands Red Cross Society,"Rijksstraatweg 22, 2171 AL Sassenheim, Netherlands",52.2060277,4.489152199999999,Netherlands,+31 71 517 7595,https://www.rodekruis.nl/duin-en-bollenstreek/contact/,https://maps.google.com/?cid=15282125087829006421,Zuid-Holland,Teylingen
7,ChIJKw8TjeSwxUcRzi0MgqEjZMg,Rode Kruis Plantsoen,"Rode Kruis Plantsoen, The Hague, Netherlands",52.07830610000001,4.258348199999999,Netherlands,unknown,unknown,https://maps.google.com/?q=Rode+Kruis+Plantsoen&ftid=0x47c5b0e48d130f2b:0xc86423a1820c2dce,Zuid-Holland,Den Haag
9,ChIJ--0Skl-_xUcR9CVudp9kWt8,The Netherlands Red Cross Society,"Hercules 45, 2221 NE Katwijk aan Zee, Netherlands",52.2133307,4.4193292,Netherlands,+31 71 402 7366,unknown,https://maps.google.com/?cid=16094286854411396596,Zuid-Holland,Katwijk
10,ChIJ_cPo743vxUcRhGiXhZEJDY0,Rode Kruis Haarlem e.o.,"Vergierdeweg 52, 2025 TK Haarlem, Netherlands",52.4145337,4.6521301,Netherlands,+31 23 541 1611,http://www.rodekruis.nl/haarlem,https://maps.google.com/?cid=10163790454661277828,Noord-Holland,Haarlem
14,ChIJQaxKRxfsxUcRXPNLyg-mRRw,Rode Kruis Zandvoort,"Nicolaas Beetslaan 14, 2041 NN Zandvoort, Netherlands",52.3766172,4.5371495,Netherlands,+31 23 571 4345,http://www.rodekruis.nl/,https://maps.google.com/?cid=2037216993203712860,Noord-Holland,Zandvoort
15,ChIJ2yzj8RTwxUcRDNkHTSYI18o,Rode Kruis Afdeling IJmond,"'s-Gravenlust 35b, 1981 AE Velsen-Zuid, Netherlands",52.459385,4.650138,Netherlands,+31 255 532 314,https://www.rodekruis.nl/ijmond/,https://maps.google.com/?cid=14616160076248373516,Noord-Holland,Velsen
18,ChIJ0yHA51rGxUcRL6wSeqeyx48,The Netherlands Red Cross Society,"Apollolaan 1B, 2324 BR Leiden, Netherlands",52.13972,4.476393,Netherlands,+31 70 445 5666,http://www.rodekruis.nl/,https://maps.google.com/?cid=10360445900166442031,Zuid-Holland,Leiden
3,ChIJr6zeX0fOxUcRBT4I66opiKM,The Netherlands Red Cross Society,"Jonkheer van der Welstraat 1, 2751 EM Moerkapelle, Netherlands",52.0454048,4.5760141,Netherlands,+31 79 593 1796,https://rodekruis-moerkapelle.jimdo.com/,https://maps.google.com/?cid=11783714239079267845,Zuid-Holland,Zuidplas
5,ChIJ8z241v9lxkcRqp-y-GHO2HQ,The Netherlands Red Cross Society,"Koningsweg 2, 3582 GE Utrecht, Netherlands",52.0774404,5.1332255,Netherlands,+31 30 252 0134,http://www.rodekruis.nl/utrecht,https://maps.google.com/?cid=8419706423548747690,Utrecht,Utrecht
10,ChIJ-4e7A94WxkcRH-jjLHaF5Oo,The Netherlands Red Cross Society,"Wagenmakerbaan 47, 1315 BC Almere, Netherlands",52.36954129999999,5.214548199999999,Netherlands,+31 36 534 6096,http://www.rodekruisalmere.nl/,https://maps.google.com/?cid=16925800042170935327,Flevoland,Almere
11,ChIJOc41lGATxkcR00P2Txg6xlA,Rode Kruis Gooistreek-BEL,"Torenlaan 11 B, 1402 AT Bussum, Netherlands",52.270744,5.164896,Netherlands,+31 35 692 2622,http://www.rodekruis.nl/gooistreek,https://maps.google.com/?cid=5820403444518110163,Noord-Holland,Gooise Meren
16,ChIJbQDr1ingxUcRpoK6KG4EIKo,Rode Kruis Amstelveen,"DM, Van der Leeklaan 3, Amstelveen, Netherlands",52.2968493,4.855462699999999,Netherlands,+31 20 641 4499,http://www.rodekruis.nl/,https://maps.google.com/?cid=12258803056878715558,Noord-Holland,Amstelveen
17,ChIJNUjv1ftoxkcRmGOX5Ao5j2s,Rode Kruis De Bilt,"Sint Laurensweg 13, 3732 BA De Bilt, Netherlands",52.1122014,5.186173999999999,Netherlands,+31 30 220 1056,http://www.rodekruis.nl/debilt,https://maps.google.com/?cid=7750476202675495832,Utrecht,De Bilt
18,ChIJfZhhi_dmxkcRe1zHOhxm1kA,Rode Kruis Houten,"Jukveld 1, 3993 GA Houten, Netherlands",52.04056989999999,5.1756502,Netherlands,+31 30 605 6100,http://www.rodekruis.nl/,https://maps.google.com/?cid=4672033934874729595,Utrecht,Houten
0,ChIJO2vxphZkxkcRRldGMSA-QQk,Rode Kruis Nieuwegein,"Constructieweg 6, 3433 NN Nieuwegein, Netherlands",52.01287809999999,5.1021252,Netherlands,+31 30 606 7799,http://www.rodekruis.nl/nieuwegein,https://maps.google.com/?cid=666882527814113094,Utrecht,Nieuwegein
1,ChIJ2YQdNuzQxUcRipk7U-0U0fE,Het Nederlandse Rode Kruis - Logistiek Magazijn Boskoop,"Reijerskoop 243, 2771 BK Boskoop, Netherlands",52.0734333,4.676118499999999,Netherlands,+31 172 232 892,http://www.rodekruis.nl/,https://maps.google.com/?cid=17424731442809379210,Zuid-Holland,Alphen aan Den Rijn
2,ChIJbQDr1ingxUcRqCk8DoraACA,The Netherlands Red Cross Society,"Nieuweweg 33B, 2132 CK Hoofddorp, Netherlands",52.3052117,4.6995932,Netherlands,+31 23 562 2614,http://www.rodekruis.nl/haarlemmermeer,https://maps.google.com/?cid=2306083295692859816,Noord-Holland,Haarlemmermeer
3,ChIJ8WOBd5rfxUcRHy9D_Wiu7fQ,The Netherlands Red Cross Society,"Achterberglaan 63, 1422 CX Uithoorn, Netherlands",52.2452468,4.832360899999999,Netherlands,+31 297 564 834,http://www.rodekruis.nl/,https://maps.google.com/?cid=17648954280683712287,Noord-Holland,Uithoorn
4,ChIJK1qr7ehkxkcR7OkfZpzIVus,Rode Kruis IJsselstein,"Duitslandstraat 7, 3402 TJ IJsselstein, Netherlands",52.0233447,5.054117799999999,Netherlands,+31 6 28444177,http://www.rodekruis.nl/ijsselstein,https://maps.google.com/?cid=16957962020964002284,Utrecht,IJsselstein
8,ChIJvW_0p-XaxUcRU0Uhf7-MxnM,Rode Kruis Alphen aan den Rijn e.o.,"Dillenburg 2, 2404 EV Alphen aan den Rijn, Netherlands",52.1334689,4.653008199999999,Netherlands,+31 172 472 113,https://www.rodekruis.nl/alphen-aan-den-rijn/over-onze-afdeling/,https://maps.google.com/?cid=8342510113849951571,Zuid-Holland,Alphen aan Den Rijn
12,ChIJq4JiVRfexUcRsIS6Ycam2mk,Rode Kruis Aalsmeer,"Roerdomplaan 3, 1431 WH Aalsmeer, Netherlands",52.25480899999999,4.762578,Netherlands,+31 297 323 918,http://www.rodekruis.nl/aalsmeer,https://maps.google.com/?cid=7627592289878705328,Noord-Holland,Aalsmeer
13,ChIJjQm9zStexkcRs9vNlzCr33I,Rode Kruis Culemborg,"Otto van Reesweg 10, 4105 AA Culemborg, Netherlands",51.9529831,5.2195081,Netherlands,+31 6 51010518,http://www.rodekruisculemborg.nl/,https://maps.google.com/?cid=8277522865323891635,Gelderland,Culemborg
18,ChIJUVu3Y2toxkcRIanzriRboNY,Rode Kruis Zeist,"Kwartellaan 13, 3704 ET Zeist, Netherlands",52.0922815,5.2135435,Netherlands,+31 30 696 0871,http://www.rodekruis.nl/,https://maps.google.com/?cid=15465461333502437665,Utrecht,Zeist
19,ChIJ_z0VDph1xkcRrUkSN9K32cw,The Netherlands Red Cross Society,"Kerkvaart 2, 3641 EP Mijdrecht, Netherlands",52.206357,4.863594,Netherlands,+31 297 254 231,http://www.rodekruis.nl/stichtsweidegebied,https://maps.google.com/?cid=14761031367178471853,Utrecht,De Ronde Venen
1,ChIJb3xc-XrXxUcRq5_TpQ6ONMo,The Netherlands Red Cross Society,"Koninginneweg 3A, 2411 XK Bodegraven, Netherlands",52.0875867,4.7557543,Netherlands,+31 172 611 454,http://www.rodekruisbodegraven.nl/,https://maps.google.com/?cid=14570426888013193131,Zuid-Holland,Bodegraven-Reeuwijk
3,ChIJJahArxzUxUcR1SoFWjtEwmo,The Netherlands Red Cross Society,"Punt 6, 2801 PZ Gouda, Netherlands",52.0073158,4.7143465,Netherlands,+31 182 235 100,http://www.rodekruisgouda.nl/,https://maps.google.com/?cid=7692786135206275797,Zuid-Holland,Gouda
4,ChIJc3wvS5qJxkcRMqTkNgXFkS4,The Netherlands Red Cross Society,"Kerkelaan 32, 4163 CH Oosterwijk, Netherlands",51.8777453,5.0789642,Netherlands,+31 183 352 511,http://www.rodekruis.nl/,https://maps.google.com/?cid=3355679823554192434,Zuid-Holland,Leerdam
6,ChIJfzMRSrINxkcRWpAmhBbE7-U,Het Nederlandse Rode Kruis afdeling Weesp e.o.,"Amstellandlaan 106, 1382 CH Weesp, Netherlands",52.310392,5.022208,Netherlands,+31 294 413 570,https://www.rodekruis.nl/gooi-en-vechtstreek/evenementen/uitgebreide-cursus-ehbo-weesp/,https://maps.google.com/?cid=16568677155104788570,Noord-Holland,Weesp
8,ChIJ2-rzbOgqxEcReocArBQ2s20,The Netherlands Red Cross Society,"Nieuwe Veer 101, 2959 AN Streefkerk, Netherlands",51.9033317,4.7489849,Netherlands,+31 184 683 567,http://www.rodekruis.nl/,https://maps.google.com/?cid=7904721233378314106,Zuid-Holland,Liesveld
10,ChIJ-_cgc-18xkcRud1UlCuMtGg,Het Nederlandse Rode Kruis,"Vogelzangsekade 19, 3411 JS Lopik, Netherlands",51.9781938,4.972153899999999,Netherlands,+31 348 551 257,https://www.rodekruis.nl/,https://maps.google.com/?cid=7544809394552495545,Utrecht,Lopik
12,ChIJ35fIQWN7xkcR-NGeHqC8BMM,The Netherlands Red Cross Society,"Boveneind Noordzijde 16, 3405 AH Benschop, Netherlands",52.0143076,5.0235297,Netherlands,+31 30 687 7709,http://www.rodekruis.nl/,https://maps.google.com/?cid=14052564133197304312,Utrecht,Lopik
16,ChIJkSYaeVp8xkcRnmSVTZnp5as,Rode Kruis Lopik/Polsbroek,"Maria-Louiselaan 11, 3411 XS Lopik, Netherlands",51.9710731,4.947054100000001,Netherlands,+31 348 551 257,http://www.rodekruis.nl/,https://maps.google.com/?cid=12386563194793321630,Utrecht,Lopik
17,ChIJ8-3vigdkxkcRC1F1XS6YjDo,Rode Kruis Vianen e.o.,"Magnoliastraat 26, 4131 BB Vianen UT, Netherlands",51.9958821,5.1072327,Netherlands,+31 347 778 628,http://www.rodekruis.nl/,https://maps.google.com/?cid=4218914275843199243,Utrecht,Vianen
18,ChIJCeZy-k4sxEcRiu1YBw1HQ7E,Het Nederlandse Rode Kruis - Afdeling Alblasserdam/Oud Alblas,"West Kinderdijk 131A, 2953 XR Alblasserdam, Netherlands",51.87441990000001,4.6349455,Netherlands,+31 78 691 6553,http://www.rodekruis.nl/,https://maps.google.com/?cid=12773131089436274058,Zuid-Holland,Alblasserdam
19,ChIJm57_47-TxkcR475Nd-CO9uo,Rode Kruis De Langstraat,"Jan de Rooijstraat 34, 5171 DS Kaatsheuvel, Netherlands",51.6658991,5.0305693,Netherlands,+31 13 542 5163,https://www.rodekruis.nl/,https://maps.google.com/?cid=16930876943871360739,Noord-Brabant,Loon op Zand
2,ChIJ7XuQ39G9x0cR15moZnQASpo,Rode Kruis Brummen/Eerbeek/Hall/Loenen,"Händelstraat 45, 6961 AB Eerbeek, Netherlands",52.11037779999999,6.0554156,Netherlands,+31 313 653 707,https://www.rodekruis.nl/brummen-eerbeek-hall-loenen/contact/,https://maps.google.com/?cid=11117699130056022487,Gelderland,Brummen
4,ChIJb8QU4Yuhx0cRiNxDmA8n3eY,"Rode Kruis Westervoort, Duiven, Groessen en Loo","Eltensestraat 17, 6922 JA Duiven, Netherlands",51.944522,6.0083087,Netherlands,+31 316 266 896,https://www.rodekruis.nl/westervoort-duiven-groessen-loo/,https://maps.google.com/?cid=16635495546509057160,Gelderland,Duiven
7,ChIJdcGp9gOXx0cRFBdM7wf-Dgc,Rode Kruis,"Van Hogendorpstraat 10, 6951 ER Dieren, Netherlands",52.0525252,6.0990191,Netherlands,unknown,https://www.rodekruis.nl/veluwezoom/onze-activiteiten/ehbo/,https://maps.google.com/?cid=508623117972412180,Gelderland,Rheden
11,ChIJc7zJYw6Kx0cRxY94ya9Gv94,Rode Kruis Berkelland,"Haarloseweg 2 -3, 7271 BT Borculo, Netherlands",52.111051,6.5229572,Netherlands,+31 545 274 558,http://www.rodekruis.nl/berkelland,https://maps.google.com/?cid=16050625317785079749,Gelderland,Berkelland
15,ChIJd-vE_uT2x0cRWOSpxKg81cs,Rode Kruis Rijssen,"Roelf Bosmastraat 47, 7462 MZ Rijssen, Netherlands",52.3018463,6.500569199999999,Netherlands,unknown,http://www.rodekruis.nl/twente,https://maps.google.com/?cid=14687712455290381400,Overijssel,Rijssen-Holten
17,ChIJMxwoJLIPuEcR0lOb9GKGLV8,Rode Kruis Borne,"Brugstraatje 4, 7622 EL Borne, Netherlands",52.3010331,6.7586944,Netherlands,+31 74 266 3287,https://www.rodekruis.nl/twente/over-onze-afdeling/,https://maps.google.com/?cid=6858285567123870674,Overijssel,Borne
18,ChIJx_5znjnAx0cRUf5Buz7kqFs,Rode Kruis,"Leidekkersdreef 12, 7328 AT Apeldoorn, Netherlands",52.196103,5.9876789,Netherlands,+31 55 543 1165,http://www.rodekruis.nl/voorst,https://maps.google.com/?cid=6604779811619602001,Gelderland,Apeldoorn
19,ChIJFbyVUrVyuEcRb4dhQ-Pudzk,Rode Kruis Haaksbergen,"Adriaen Brouwerstraat 10, 7483 CP Haaksbergen, Netherlands",52.1612477,6.7276769,Netherlands,+31 53 477 0962,http://www.rodekruis.nl/twente,https://maps.google.com/?cid=4141041042245912431,Overijssel,Haaksbergen
0,ChIJ6wOTCxgGuEcR3nKw4aIk5AY,Rode Kruis,"Hofkampstraat 102, 7607 NJ Almelo, Netherlands",52.35330039999999,6.6735612,Netherlands,+31 546 815 973,http://www.rodekruis.nl/twente,https://maps.google.com/?cid=496562140907336414,Overijssel,Almelo
1,ChIJr7Pe-UEKuEcRt1zBHi6qgs8,Rode Kruis Hof van Twente,"Kloosterlaan 25, 7471 BA Goor, Netherlands",52.2363423,6.5911715,Netherlands,+31 547 275 902,http://www.rodekruishofvantwente.nl/,https://maps.google.com/?cid=14952700827884674231,Overijssel,Hof van Twente
2,ChIJX4zNkdkJuEcRtEeALZI_91k,Rode Kruis Wierden,"Voormors 52, 7468 HB Enter, Netherlands",52.2935036,6.5826144,Netherlands,+31 547 383 886,http://www.rodekruis.nl/twente,https://maps.google.com/?cid=6482720085684275124,Overijssel,Wierden
3,ChIJC6BM_2Txx0cRobnfiOiibQI,Rode Kruis Holten,"Oranjestraat 40, 7451 CD Holten, Netherlands",52.2795628,6.426685699999999,Netherlands,+31 548 364 262,http://www.rodekruis.nl/twente,https://maps.google.com/?cid=174975080149793185,Overijssel,Rijssen-Holten
5,ChIJPxZqmUWtx0cRk3UjfhuxSiE,Rode Kruis Ede e.o.,"Klinkenbergerweg 30C, 6711 MK Ede, Netherlands",52.040259,5.670951,Netherlands,+31 6 54640869,http://www.rodekruisede.nl/index.php,https://maps.google.com/?cid=2398924483166696851,Gelderland,Ede
6,ChIJd8hS3wj6x0cRT51kmizufvY,Rode Kruis Hellendoorn - Nijverdal,"Rembrandtplein 21, 7442 KH Nijverdal, Netherlands",52.360038,6.4665313,Netherlands,+31 548 654 137,http://www.rodekruis.nl/afdeling/hellendoorn-nijverdal,https://maps.google.com/?cid=17761895855732071759,Overijssel,Hellendoorn
7,ChIJnXIB0BvFx0cRILgj-4WytaY,Rode Kruis Epe/Heerde,"Lohuizerweg 18, 8162 EX Epe, Netherlands",52.3533195,5.982452299999999,Netherlands,+31 578 613 581,http://www.rodekruis.nl/,https://maps.google.com/?cid=12012703869594482720,Gelderland,Epe
8,ChIJsVBs4lHsx0cRNS39a3fFef4,Rode Kruis Bathmen,"Enklaan 13, 7437 PM Bathmen, Netherlands",52.2483089,6.2799979,Netherlands,+31 570 542 281,http://www.rodekruis.nl/,https://maps.google.com/?cid=18336904474519219509,Overijssel,Deventer
10,ChIJqR62leLlx0cRJlWS0v38BlY,Rode Kruis Salland Midden,"Westdorplaan 132A, 8101 PP Raalte, Netherlands",52.3779141,6.270336599999999,Netherlands,+31 572 358 669,https://www.rodekruis.nl/salland-midden/,https://maps.google.com/?cid=6198920104211797286,Overijssel,Raalte
12,ChIJpcL69YLNx0cRmEhT8jGioa0,Rode Kruis Nunspeet e.o.,"Elburgerweg 11, 8071 TA Nunspeet, Netherlands",52.3825358,5.783679299999999,Netherlands,+31 341 252 700,http://www.rodekruis.nl/,https://maps.google.com/?cid=12511459575214590104,Gelderland,Nunspeet
13,ChIJcT26opOMx0cRNERSyqsfI3I,Red Cross De Graafschap,"Van Drinenstraat 4, 7203 EL Zutphen, Netherlands",52.1500598,6.216526099999999,Netherlands,+31 575 513 470,unknown,https://maps.google.com/?cid=8224452167202915380,Gelderland,Zutphen
14,ChIJJ87_dqVyuEcR9_gZyM87VJk,Rode Kruis,"Veldkampstraat 13, 7481 CZ Haaksbergen, Netherlands",52.15681739999999,6.751481999999999,Netherlands,+31 53 572 8444,https://www.rodekruis.nl/,https://maps.google.com/?cid=11048521549448083703,Overijssel,Haaksbergen
15,ChIJI64AZ4rCx0cRh0UynIUMAMo,Rode Kruis Olst-Wijhe,"Dahliastraat 2, 8121 DJ Olst, Netherlands",52.3317701,6.126557699999999,Netherlands,+31 570 561 361,http://www.rodekruis.nl/,https://maps.google.com/?cid=14555647763652167047,Overijssel,Olst-Wijhe
16,ChIJM6dYcc8zxkcRH8rj5h-k_o0,Rode Kruis Harderwijk,"Maltezerlaan 3, 3842 AZ Harderwijk, Netherlands",52.34576509999999,5.6295327,Netherlands,+31 341 414 649,http://www.rodekruis.nl/,https://maps.google.com/?cid=10231795860356975135,Gelderland,Harderwijk
18,ChIJMaiw1Aalx0cRNU8rWCO8FbY,Rode Kruis Gelderland Midden,"Mantet 19, 6922 AV Duiven, Netherlands",51.9391639,6.016945600000001,Netherlands,+31 316 266 686,unknown,https://maps.google.com/?cid=13120599949402918709,Gelderland,Duiven
0,ChIJC49xOCEOuEcRGT_TQotP4nQ,Rode Kruis Hengelo (Ov),"Marnixstraat 1, 7553 LC Hengelo, Netherlands",52.25288080000001,6.7996994,Netherlands,+31 74 291 8840,unknown,https://maps.google.com/?cid=8422381712676437785,Overijssel,Hengelo
1,ChIJVUxl80Wtx0cRPbzchNtG7-4,Rode Kruis afd. Ede,"Klinkenbergerweg 30C, 6711 MK Ede, Netherlands",52.0402598,5.670951,Netherlands,+31 6 23606296,https://www.rodekruisede.nl/,https://maps.google.com/?cid=17217057809101536317,Gelderland,Ede
5,ChIJubEPGovHx0cR4QU4IAkXHcU,Rode Kruis District Twente,"Schuttersweg 41, 7314 LD Apeldoorn, Netherlands",52.21387739999999,5.9433802,Netherlands,+31 6 12828032,http://www.rodekruis.nl/twente,https://maps.google.com/?cid=14203534127759099361,Gelderland,Apeldoorn
10,ChIJS9RCa9Oox0cRq2c-BSZ2uYE,Rode Kruis Gem Overbetuwe,"Oldenhof 27, 6665 DR Driel, Netherlands",51.9616617,5.809171,Netherlands,+31 26 474 2239,unknown,https://maps.google.com/?cid=9347632407252985771,Gelderland,Overbetuwe
11,ChIJ3TZ9ieZluEcRSJFUgFIi5ds,Rode Kruis Noord- en Oost-Gelderland,"Ratumseweg 57A, 7106 CH Winterswijk Ratum, Netherlands",51.977235,6.816978,Netherlands,+31 6 53385600,unknown,https://maps.google.com/?cid=15845108601708646728,Gelderland,Winterswijk
12,ChIJ80EW8eyax0cRlpKKWPVBAKg,Rode Kruis Bronckhorst,"Hessenweg 19, 6999 DV Hummelo, Netherlands",52.0018643,6.255919,Netherlands,+31 314 381 108,unknown,https://maps.google.com/?cid=12105748320380162710,Gelderland,Bronckhorst
13,ChIJrdcEJVifx0cRUpAWRpK0KiQ,Rode Kruis Zevenaar-Didam-Bergh,"Biezenweide 7, 6903 VD Zevenaar, Netherlands",51.9391097,6.0654445,Netherlands,+31 316 526 743,unknown,https://maps.google.com/?cid=2606093874721362002,Gelderland,Zevenaar
15,ChIJq01l80Wtx0cRRSB9vCnspvE,Rode Kruis afdeling Ede,"Klinkenbergerweg 30C, 6711 MK Ede, Netherlands",52.0402598,5.6709511,Netherlands,unknown,http://rodekruis-ede.nl/,https://maps.google.com/?cid=17412864673274732613,Gelderland,Ede
16,ChIJhQO3PeChx0cR_YLPmrL1SiY,Rode Kruis afdeling Liemers Oost,"Vincent van Goghstraat 4, 6901 DK Zevenaar, Netherlands",51.9307057,6.068684999999999,Netherlands,+31 6 22229801,unknown,https://maps.google.com/?cid=2759287869168124669,Gelderland,Zevenaar
17,ChIJB8zPqVZJxkcRkusxomylLg0,Rode Kruis Barneveld,"Nijkerkerweg 119, 3771 LA Barneveld, Netherlands",52.1505216,5.5666422,Netherlands,+31 342 412 656,https://www.rodekruis.nl/barneveld/contact/,https://maps.google.com/?cid=949878457417984914,Gelderland,Barneveld
18,ChIJHzatFqCnx0cRwaZj2D_kx08,Stg. Historische Verzameling Nederlandse Rode Kruis,"Randwijkstraat 4, 6681 MP Bemmel, Netherlands",51.89643270000001,5.8922715,Netherlands,unknown,unknown,https://maps.google.com/?cid=5748814412226209473,Gelderland,Lingewaard
13,ChIJ6zxH0_Y9uEcRDug-MD9RiIE,Rode Kruis Losser,"J.S. Bachstraat 20, 7582 EN Losser, Netherlands",52.271729,7.013779,Netherlands,+31 6 22941855,http://afdeling.rodekruis.nl/afdeling/twente/afdelingen_twente,https://maps.google.com/?cid=9333799559559571470,Overijssel,Losser
15,ChIJ1UI050_0x0cREo34SMd7Pps,Rode Kruis Dinkelland-Oldenzaal,"Nordhornsestraat 64, 7591 BH Denekamp, Netherlands",52.3797347,7.0114147,Netherlands,+31 541 352 937,http://www.rodekruis.nl/dinkelland-oldenzaal,https://maps.google.com/?cid=11186514620287847698,Overijssel,Dinkelland
17,ChIJr7Pe-UEKuEcRN2_mc9q7PYU,Het Nederlandse Rode Kruis,"Kloosterlaan 25, 7471 BA Goor, Netherlands",52.2363423,6.5911715,Netherlands,+31 547 272 904,https://www.rodekruis.nl/,https://maps.google.com/?cid=9601036527545511735,Overijssel,Hof van Twente
19,ChIJVxoUVm8HuEcRK0i-0r8BNls,Rode Kruis Twenterand,"De Wulp 69, 7671 ZN Vriezenveen, Netherlands",52.405188,6.6169983,Netherlands,+31 546 672 585,unknown,https://maps.google.com/?cid=6572442629579884587,Overijssel,Twenterand
1,ChIJ_8tvi7QByEcRWBCEzAKMcks,Het Nederlandse Rode Kruis,"Castorstraat 38, 7771 XR Hardenberg, Netherlands",52.563782,6.6085557,Netherlands,+31 523 852 549,https://www.rodekruis.nl/,https://maps.google.com/?cid=5436561643838640216,Overijssel,Hardenberg
3,ChIJR2GFApEEuEcRoeAnC0ZMCVY,Rode Kruis Tubbergen e.o.,"Pancratiusstraat, 7651 NC Tubbergen, Netherlands",52.4090163,6.786965599999999,Netherlands,+31 546 602 492,http://afdeling.rodekruis.nl/afdeling/vechtdal/formulieren/contactformulier,https://maps.google.com/?cid=6199570225770782881,Overijssel,Tubbergen
4,ChIJCwdDGGQHuEcR9PzOEerQM-I,Het Nederlandse Rode Kruis,"Schoolstraat 7, 7671 GG Vriezenveen, Netherlands",52.4053572,6.6118413,Netherlands,+31 546 561 330,https://www.rodekruis.nl/,https://maps.google.com/?cid=16299601180123659508,Overijssel,Twenterand
5,ChIJpym5UQ0UuEcRVP68x6uA078,St. Rode Kruis Bloedbank Twente-Achterhoek,"Oosterstraat 2, 7514 DZ Enschede, Netherlands",52.2241364,6.901131299999999,Netherlands,+31 53 430 6090,unknown,https://maps.google.com/?cid=13822533156608998996,Overijssel,Enschede
11,ChIJY-dt4lHZx0cRYDQWyrTHnFc,Rode Kruis Hattem/Wapenveld,"Van Galenstraat 40, 8051 VC Hattem, Netherlands",52.4726787,6.0642352,Netherlands,+31 38 444 7210,http://www.rodekruis.nl/hattem-wapenveld,https://maps.google.com/?cid=6313140356965086304,Gelderland,Hattem
15,ChIJ9dHYvUnfx0cREyULHWUkIBs,Red Cross Zwolle,"Brahmsstraat 5, 8031 DB Zwolle, Netherlands",52.52649109999999,6.0927263,Netherlands,+31 38 452 5862,http://www.rodekruis.nl/zwolle,https://maps.google.com/?cid=1954602254976361747,Overijssel,Zwolle
18,ChIJEz1kv3_kx0cR_v3tzSZ3Ha0,Rode Kruis Dalfsen-Lemelerveld-Nieuwleusen,"Kloosterstraat 16, 8152 AP Lemelerveld, Netherlands",52.44618639999999,6.337382300000001,Netherlands,+31 572 371 962,http://www.rodekruis.nl/,https://maps.google.com/?cid=12474257551433530878,Overijssel,Dalfsen
1,ChIJv0ISzVBWz0cR0czo-NgQkAk,Rode Kruis Alkmaar,"Hertog Aalbrechtweg 10, 1823 DL Alkmaar, Netherlands",52.6443921,4.7674848,Netherlands,+31 72 562 3863,http://www.rodekruisalkmaar.nl/,https://maps.google.com/?cid=689069267062672593,Noord-Holland,Alkmaar
4,ChIJK6zODnb6xUcR332M53ZBjWk,The Netherlands Red Cross Society,"Büllerlaan 10, 1945 SR Beverwijk, Netherlands",52.49521350000001,4.664256,Netherlands,+31 251 237 157,http://www.rodekruis.nl/,https://maps.google.com/?cid=7605807324645326303,Noord-Holland,Beverwijk
8,ChIJkXgWcQQ4z0cRaKsB-F9YmXw,The Netherlands Red Cross Society,"Bankastraat 27, 1782 TA Den Helder, Netherlands",52.95832720000001,4.7496775,Netherlands,+31 223 645 608,http://www.rodekruis.nl/,https://maps.google.com/?cid=8978304501345790824,Noord-Holland,Den Helder
13,ChIJbzZLIn33xUcRA2wnoPVdJzY,Rode Kruis Castricum,"Kooiplein 24A, 1901 VW Castricum, Netherlands",52.5559599,4.6699153,Netherlands,+31 251 657 434,http://www.rodekruis.nl/castricum,https://maps.google.com/?cid=3902190911675132931,Noord-Holland,Castricum
15,ChIJpcmudw_4xUcRWVwmDtSH4W4,Rode Kruis Heiloo,"Het Zevenhuizen 50, 1852 JC Heiloo, Netherlands",52.5952,4.6871261,Netherlands,+31 6 46595856,http://www.rodekruis.nl/,https://maps.google.com/?cid=7989816558772182105,Noord-Holland,Heiloo
16,ChIJp48L6pXxxUcR3f6K4MoAOHw,Rode Kruis Ziekenhuis,"Vondellaan 13, 1942 LE Beverwijk, Netherlands",52.4791854,4.6509404,Netherlands,+31 251 265 555,http://www.rkz.nl/,https://maps.google.com/?cid=8950905130749460189,Noord-Holland,Beverwijk
19,ChIJ9XW-js8GxkcRS7M4kBLxleg,Rode Kruis Zaanstreek-Waterland (Purmerend),"Waterlandlaan 101, 1441 RT Purmerend, Netherlands",52.503199,4.961017,Netherlands,+31 299 660 399,http://www.rodekruis.nl/Zaanstreek-Waterland,https://maps.google.com/?cid=16759566650360509259,Noord-Holland,Purmerend
10,ChIJkfCM8UnjxUcRRTH0Oot_cOs,Rode Kruis Zaanstreek-Waterland (Zaandam),"Penningweg 27, 1507 DB Zaandam, Netherlands",52.4284465,4.7978305,Netherlands,+31 299 660 399,http://www.rodekruis.nl/zaanstreek-waterland,https://maps.google.com/?cid=16965200032270922053,Noord-Holland,Zaanstad
1,ChIJf3vBhhGpyEcRsCcFBVIZkQk,Rode Kruis Hoorn e.o.,"Vredehofstraat 9C, 1624 XG Hoorn, Netherlands",52.650741,5.059658,Netherlands,+31 229 217 319,http://www.rodekruis-westfriesland.nl/,https://maps.google.com/?cid=689360058026633136,Noord-Holland,Hoorn
4,ChIJa7SzTUBRz0cR1CWKJCtrNyM,The Netherlands Red Cross Society,"Haagwinde 19, 1724 TA Oudkarspel, Netherlands",52.7110877,4.7979147,Netherlands,+31 226 314 702,http://www.rodekruis.nl/,https://maps.google.com/?cid=2537614748087363028,Noord-Holland,Langedijk
5,ChIJzW-rwNL-xUcR8QEEFRa8_Ws,The Netherlands Red Cross Society,"Burgemeester Dalenbergstraat 7, 1486 MT West-Graftdijk, Netherlands",52.5537448,4.795491,Netherlands,+31 75 641 1596,https://www.rodekruis.nl/,https://maps.google.com/?cid=7781582534193971697,Noord-Holland,Alkmaar
7,ChIJ9_jyCn5Sz0cRAPyPdxMawNA,Het NEderlandse Rode Kruis -Afdeling Niedorp,"Weereweg 31, 1732 LJ Lutjewinkel, Netherlands",52.76852299999999,4.8840294,Netherlands,+31 224 541 718,http://www.rodekruis.nl/?cid=onlineadvertising&utm_source=google&utm_medium=places&utm_campaign=google_places&utm_content=Lutjewinkel,https://maps.google.com/?cid=15042051426330082304,Noord-Holland,Hollands Kroon
8,ChIJCckYnP3-xUcR9mIFHKo7YiI,Rode Kruis Schermerland,"Grafterbaan 13, 1484 EC Graft, Netherlands",52.5604072,4.8390924,Netherlands,+31 75 641 1596,http://www.rodekruis.nl/,https://maps.google.com/?cid=2477608346807788278,Noord-Holland,Alkmaar
13,ChIJPxeVwWDwxUcR9ZVhflWRPVs,Red Cross Hospital,"Vondellaan 13, 1942 LE Beverwijk, Netherlands",52.4791281,4.6506,Netherlands,+31 251 265 555,https://www.vaccinatiepunt.nl/?referrer=mijnbedrijf,https://maps.google.com/?cid=6574570827409364469,Noord-Holland,Beverwijk
14,ChIJc25Es67wxUcRS1XvYCD6eYY,Red Cross Hospital,"Mozartstraat 201, 1962 AB Heemskerk, Netherlands",52.5188314,4.674955,Netherlands,+31 251 265 555,https://www.rkz.nl/,https://maps.google.com/?cid=9690051090236527947,Noord-Holland,Heemskerk
18,ChIJm68t5o3vxUcRCnSQ0Mxkzos,Rode Kruis District Kennemerland,"Vergierdeweg 52, 2025 TK Haarlem, Netherlands",52.4144699,4.6522078,Netherlands,unknown,https://www.rodekruis.nl/haarlem/onze-activiteiten/district-kennemerland/,https://maps.google.com/?cid=10074100247309612042,Noord-Holland,Haarlem
19,ChIJ0Q73xIRGxkcRxwhQ3rLDnFQ,The Netherlands Red Cross Society,"Columbusweg 30, 3814 WE Amersfoort, Netherlands",52.1598809,5.4024168,Netherlands,+31 33 472 7553,https://www.rodekruis.nl/amersfoort-eemland/contact/,https://maps.google.com/?cid=6096963168554191047,Utrecht,Amersfoort
1,ChIJ_yxfLh9Gz0cRhlgpXhkNGPI,Het Nederlandse Rode Kruis,"Boterzwin 1131, 1788 WZ Julianadorp, Netherlands",52.8849341,4.738106,Netherlands,+31 223 691 415,https://www.rodekruis.nl/,https://maps.google.com/?cid=17444707559224727686,Noord-Holland,Den Helder
3,ChIJjxIYDeFcxkcRFo2FnV0KTMo,The Netherlands Red Cross Society,"Dennenhorst 22A, 3972 GM Driebergen-Rijsenburg, Netherlands",52.0475997,5.2899423,Netherlands,+31 343 518 693,http://www.rodekruis.nl/,https://maps.google.com/?cid=14577037491082464534,Utrecht,Utrechtse Heuvelrug
6,ChIJj0jcTp-jyEcRY51UBvVTKJk,Rode Kruis Enkhuizen e.o.,"Plataanstraat 22, 1602 SG Enkhuizen, Netherlands",52.709111,5.278104,Netherlands,+31 6 51627577,http://www.rodekruis.nl/,https://maps.google.com/?cid=11036163198709701987,Noord-Holland,Enkhuizen
8,ChIJ56XGl0dAxkcRoMud3yWovMM,Rode Kruis Baarn,"Burgemeester Penstraat 6, 3741 AH Baarn, Netherlands",52.2127923,5.2932989,Netherlands,+31 35 542 0364,http://www.rodekruis.nl/,https://maps.google.com/?cid=14104333013636467616,Utrecht,Baarn
9,ChIJT-CgK-jxxUcR3ZTF6X9yjiI,Helipad Red Cross Hospital,"Vondellaan 13, 1942 LE Beverwijk, Netherlands",52.4791106,4.6515328,Netherlands,+31 251 265 555,https://www.rkz.nl/,https://maps.google.com/?cid=2490053537690916061,Noord-Holland,Beverwijk
13,ChIJTfI3ef1HxkcRM-baP-4ErnE,Rode Kruis Nijkerk,"Havenstraat 5 b, 3861 VS Nijkerk, Netherlands",52.2258737,5.4803355,Netherlands,+31 33 245 2024,http://www.rodekruis.nl/,https://maps.google.com/?cid=8191490193553548851,Gelderland,Nijkerk
15,ChIJj7V_v2DwxUcRhN1vj4tjFsg,"Beverwijk, Rode Kruis Ziekenhuis","1942 LJ Beverwijk, Netherlands",52.47916300000001,4.650072000000001,Netherlands,unknown,unknown,https://maps.google.com/?cid=14417820708131298692,North Holland,Beverwijk
17,ChIJAVxxeVI_xkcRgP3ow7WHWeY,Rode Kruis Bunschoten/Spakenburg,"Willem Dreesstraat 3, 3752 AX Bunschoten-Spakenburg, Netherlands",52.2495621,5.3748594,Netherlands,+31 33 298 6882,http://www.rodekruis.nl/,https://maps.google.com/?cid=16598447116396330368,Utrecht,Bunschoten
18,ChIJPxeVwWDwxUcRBglGEk7Rf1k,Huisartsenpost Midden-Kennemerland,"Vondellaan 13, 1942 LE Beverwijk, Netherlands",52.4791281,4.6506,Netherlands,+31 251 265 265,unknown,https://maps.google.com/?cid=6449103324662073606,Noord-Holland,Beverwijk
2,ChIJ5akWLFH9x0cRhi5RnroQQa8,Rode Kruis Ommen,"Nering Bögelstraat 62, 7731 EM Ommen, Netherlands",52.52283,6.42105,Netherlands,+31 529 452 155,http://www.rodekruis.nl/,https://maps.google.com/?cid=12628393223829663366,Overijssel,Ommen
6,ChIJoQAHxvXdt0cRNN54spK59QU,Rode Kruis Borger-Odoorn,"Asterstraat 19, 7873 AP Odoorn, Netherlands",52.8515605,6.845429999999999,Netherlands,+31 591 512 396,http://www.rodekruis.nl/,https://maps.google.com/?cid=429453379194379828,Drenthe,Borger-Odoorn
9,ChIJgeYijuHlt0cRgXTl7ZQyQ7g,Rode Kruis Emmen,"Slenerbrink 272, 7812 HL Emmen, Netherlands",52.7583561,6.889520099999999,Netherlands,+31 591 659 444,unknown,https://maps.google.com/?cid=13277511741646140545,Drenthe,Emmen
11,ChIJkYcFx2wYyEcRlHj8zT5cb2s,Rode Kruis Drenthe,"Bellweg 2, 9411 PV Beilen, Netherlands",52.8524627,6.518084099999999,Netherlands,+31 593 371 020,https://www.rodekruis.nl/drenthe/,https://maps.google.com/?cid=7741507709286774932,Drenthe,Midden-Drenthe
17,ChIJrxJiftKHyEcR1fV_KgeNI-0,Rode Kruis Noordoostpolder,"Oude Espelerweg 4, 8303 HW Emmeloord, Netherlands",52.72358329999999,5.7438531,Netherlands,+31 527 699 044,http://www.rodekruis.nl/noordoostpolder,https://maps.google.com/?cid=17087656473091110357,Flevoland,Noordoostpolder
19,ChIJjXjSGThzyEcRxRuRD2hylE8,Rode Kruis Staphorst,"Berkenlaan 1, 7951 CA Staphorst, Netherlands",52.6486218,6.2064181,Netherlands,+31 522 463 785,http://www.rodekruis.nl/,https://maps.google.com/?cid=5734334016812817349,Overijssel,Staphorst
4,ChIJoWJOXyt0yEcR9cxUXFdx08Y,Rode Kruis Zwartewaterland,"Van Haersoltelaan 1B, 8061 EG Hasselt, Netherlands",52.5901812,6.1054339,Netherlands,+31 38 447 2560,http://www.rodekruis.nl/zwartewaterland,https://maps.google.com/?cid=14326919459620834549,Overijssel,Zwartewaterland
9,ChIJbQH16J0GyEcRxLZTGnbCel4,Rode Kruis Avereest,"Markt 23, 7701 GW Dedemsvaart, Netherlands",52.6002461,6.456684,Netherlands,+31 523 613 192,http://www.rodekruis.nl/,https://maps.google.com/?cid=6807967599227549380,Overijssel,Hardenberg
11,ChIJy5vjxHDgt0cRekCAX6oj4DU,Rode Kruis Sleen en Omstreken,"Zetveld 39, 7848 CX Schoonoord, Netherlands",52.8480175,6.7498599,Netherlands,+31 591 381 769,http://www.rodekruis.nl/,https://maps.google.com/?cid=3882142093447020666,Drenthe,Coevorden
12,ChIJ1ZpGgGMRyEcRqpnKD5dOBvY,Het Nederlandse Rode Kruis,"Esweg 90, 7963 CK Ruinen, Netherlands",52.7601114,6.3632791,Netherlands,+31 522 442 790,https://www.rodekruis.nl/,https://maps.google.com/?cid=17727943393902500266,Drenthe,De Wolden
15,ChIJxUWP85h4yEcRxMjzXbuTugg,Rode Kruis Kampen/IJsselmuiden,"Wilhelminalaan 20, 8262 DE Kampen, Netherlands",52.5635705,5.9032672,Netherlands,+31 38 853 8178,http://www.rodekruiskampen.nl/,https://maps.google.com/?cid=628977530916030660,Overijssel,Kampen
17,ChIJlz7sO1UfyEcRsTHHW5PNkTA,Rode Kruis Midden-Drenthe,"Weglangen 6, 9431 HK Westerbork, Netherlands",52.8607638,6.6033652,Netherlands,+31 593 331 706,http://www.rodekruis.nl/,https://maps.google.com/?cid=3499804418227253681,Drenthe,Midden-Drenthe
1,ChIJ3238MhxsyEcRNV0Yxafr_fY,Rode Kruis Kop van Overijssel,"Heetveld 3, 8326 BG Sint Jansklooster, Netherlands",52.6661018,6.0122073,Netherlands,+31 6 53971369,unknown,https://maps.google.com/?cid=17797640408236842293,Overijssel,Steenwijkerland
2,ChIJ0Uoyqh_Rx0cRBElXl_sU7d8,Rode Kruis Elburg en Oldebroek,"Van Sytzamalaan 3BG, 8096 AR Oldebroek, Netherlands",52.4465082,5.9003321,Netherlands,+31 70 445 5666,http://www.nrkeo.nl/,https://maps.google.com/?cid=16135576110746781956,Gelderland,Oldebroek
4,ChIJ22okPZpyyEcRH5IQfLggEqU,Red Cross Meppel-Nijeveen Department,"Vledderstraat 3F, 7941 LC Meppel, Netherlands",52.697814,6.1942431,Netherlands,+31 6 40282005,unknown,https://maps.google.com/?cid=11894605542566433311,Drenthe,Meppel
7,ChIJNeFP4sxsyEcRX0Iw8sfug7Y,Rode Kruis Westerveld,"Dorpsstraat 4, 7971 CR Havelte, Netherlands",52.7664218,6.245226100000001,Netherlands,+31 521 340 460,unknown,https://maps.google.com/?cid=13151617879381131871,Drenthe,Westerveld
8,ChIJvR4DG7fat0cRCtHMCDpOsQk,Rode Kruis Zuidoost-Groningen,"Burgemeester van Sevenhovenstraat 47, 9503 CD Stadskanaal, Netherlands",52.9866429,6.946719099999999,Netherlands,unknown,http://www.rodekruis.nl/,https://maps.google.com/?cid=698425428381847818,Groningen,Stadskanaal
9,ChIJdbnV75iEyEcRKf4kd5GjrYU,Rode Kruis Urk,"Wijk 8 2, 8321 TG Urk, Netherlands",52.6638359,5.5983459,Netherlands,+31 527 682 895,https://www.rodekruis.nl/urk/nieuwsbericht/vluchtelingen-myanmar-uit-wanhoop-naar-overstroomd-gebied/website-5/,https://maps.google.com/?cid=9632535023179857449,Flevoland,Urk
10,ChIJpV-tlQvYt0cRmw3OlQCkPys,Rode Kruis Gieten/Gasselte,"Helmkruid 5, 9461 LL Gieten, Netherlands",52.9983932,6.772721,Netherlands,+31 6 50215131,http://www.rodekruis.nl/,https://maps.google.com/?cid=3116389789583936923,Drenthe,Aa en Hunze
12,ChIJreLNteIrxkcRQGBRsu0tMkU,Het Nederlandse Rode Kruis - Afdeling Dronten,"De Gouwe 50, 8253 PA Dronten, Netherlands",52.5396266,5.7012338,Netherlands,unknown,unknown,https://maps.google.com/?cid=4986098236374736960,Flevoland,Dronten
13,ChIJC4nM4yclyEcRahmRSg6TSVA,Rode Kruis Assen-Vries,"Delft 73, 9406 GD Assen, Netherlands",52.9963734,6.5371329,Netherlands,+31 592 351 191,http://www.rodekruis.nl/assen-vries,https://maps.google.com/?cid=5785316885923961194,Drenthe,Assen
14,ChIJbxDEiiL3yEcRDz9qZxf76nE,Het Nederlandse Rode Kruis,"Tichtset 1, 8493 RC Terherne, Netherlands",53.0428468,5.7821761,Netherlands,+31 566 689 478,https://www.rodekruis.nl/,https://maps.google.com/?cid=8208649348773986063,Friesland,De Friese Meren
3,ChIJx9eJO-rut0cRXpm_uqrFxrc,Rode Kruis Klazienaveen,"Dordsedijk 7, 7891 NJ Klazienaveen, Netherlands",52.7230465,6.9857339,Netherlands,+31 591 314 233,http://www.rodekruis.nl/?cid=onlineadvertising&utm_source=google&utm_medium=places&utm_campaign=google_places&utm_content=Klazienaveen,https://maps.google.com/?cid=13242489091397753182,Drenthe,Emmen
19,ChIJjfLLx67pt0cR71pjm5j_wio,Rode Kruis Emmer-Compascuum/Roswinkel,"Veenroede 21, 7881 XM Emmer-Compascuum, Netherlands",52.8035293,6.9876196,Netherlands,+31 591 351 822,http://www.rodekruis.nl/?cid=onlineadvertising&utm_source=google&utm_medium=places&utm_campaign=google_places&utm_content=emmer,https://maps.google.com/?cid=3081306125981932271,Drenthe,Emmen
6,ChIJMzFEBT_lt0cRyW4nFBw8trk,Rode Kruis Schoonebeek,"Heemskerkstraat 30, 7887 AC Erica, Netherlands",52.711444,6.9249131,Netherlands,unknown,http://www.rodekruis.nl,https://maps.google.com/?cid=13381949434072886985,Drenthe,Emmen
2,ChIJZ5WUCazWt0cRTMDDpabSRYQ,Rode Kruis De Oude Veenkoloniën,"Schippersstraat 30 A, 9641 HV Veendam, Netherlands",53.0999231,6.879086500000001,Netherlands,+31 50 575 1999,http://www.rodekruis.nl/groningen,https://maps.google.com/?cid=9531255799586996300,Groningen,Veendam
4,ChIJ9eBZvd8otkcR1rRsjsI9R-U,Rode Kruis Delfzijl e.o.,"Hogelandsterweg 1A, 9934 RM Delfzijl, Netherlands",53.3218286,6.9146955,Netherlands,+31 596 612 755,http://www.rodekruis.nl/,https://maps.google.com/?cid=16521241663854392534,Groningen,Delfzijl
7,ChIJffR-TcPLt0cR9xWWslabONs,Het Nederlandse Rode Kruis,"Hoofdweg 28, 9695 AK Bellingwolde, Netherlands",53.1009368,7.1458942,Netherlands,+31 597 531 251,https://www.rodekruis.nl/,https://maps.google.com/?cid=15796546489667687927,Groningen,Westerwolde
9,ChIJo5v2ezPNyUcRv1luDsnN59o,Rode Kruis Groningen en Haren,"Atoomweg 2B, 9743 AK Groningen, Netherlands",53.2136769,6.5391622,Netherlands,+31 50 312 2445,http://www.rodekruis.nl/groningen-haren,https://maps.google.com/?cid=15773802483302685119,Groningen,Groningen
11,ChIJAz1cBo4myEcR3hBo9Oj-5Bo,Het Nederlandse Rode Kruis,"Reeakker 7, 9451 HK Rolde, Netherlands",52.9788984,6.6512882,Netherlands,+31 592 375 561,https://www.rodekruis.nl/,https://maps.google.com/?cid=1937954016162484446,Drenthe,Aa en Hunze
13,ChIJjwpjXM4-yEcRc8wHbN--2YU,Het Nederlandse Rode Kruis,"Boereveen 3, 8426 JK Appelscha, Netherlands",52.95482029999999,6.362861199999999,Netherlands,+31 516 433 645,https://www.rodekruis.nl/,https://maps.google.com/?cid=9644949943790062707,Friesland,Ooststellingwerf
17,ChIJizvigYcmyEcRo3bgBCswbZg,Rode Kruis Rolde,"Plein 15, 9451 BW Rolde, Netherlands",52.9873786,6.644508999999999,Netherlands,+31 6 20456676,http://www.rodekruis.nl/,https://maps.google.com/?cid=10983488027550054051,Drenthe,Aa en Hunze
19,ChIJkdT1JhE0yEcR0wMSU-Bc6VQ,Het Nederlandse Rode Kruis,"Goudenregenstraat 18, 9301 NG Roden, Netherlands",53.1448203,6.426368999999999,Netherlands,+31 50 501 7588,https://www.rodekruis.nl/,https://maps.google.com/?cid=6118523687295648723,Drenthe,Noordenveld
0,ChIJbSkWdYUxz0cRBIkoMj2lBhk,Rode Kruis Texel,"Ankerstraat 24, 1794 BJ Oosterend, Netherlands",53.0847202,4.8772802,Netherlands,+31 222 318 224,http://www.rodekruis.nl/,https://maps.google.com/?cid=1803310383061567748,Noord-Holland,Texel
11,ChIJ-77Gfq4lyUcRAt5IKlLowkc,Rode Kruis Terschelling,"Lies 1, 8895 KP Lies, Netherlands",53.3934682,5.3223023,Netherlands,+31 517 532 260,http://www.rodekruis.nl/,https://maps.google.com/?cid=5170950761769131522,Friesland,Terschelling
12,ChIJGUZg79zdyEcR-sWuMwr1MTc,Rode Kruis Harlingen e.o.,"Edisonstraat 32C, 8801 PN Franeker, Netherlands",53.1827368,5.5111629,Netherlands,+31 58 212 4408,http://www.rodekruis.nl/afdeling/fryslan,https://maps.google.com/?cid=3977229370110428666,Friesland,Franekeradeel
14,ChIJpRwLv8XxyEcRAXMsQhBsWEQ,Rode Kruis Súdwest-Fryslân,"Selfhelpweg 2, 8607 AB Sneek, Netherlands",53.02805129999999,5.6617276,Netherlands,+31 515 531 424,https://www.rodekruis.nl/fryslan/,https://maps.google.com/?cid=4924805009615123201,Friesland,Súdwest Fryslân
1,ChIJjaaJAjX0yEcRXC9cH8GXcAw,Rode Kruis De Fryske Marren,"Vegelinsweg 6B, 8501 BA Joure, Netherlands",52.9718256,5.7937977,Netherlands,+31 513 417 315,unknown,https://maps.google.com/?cid=896383181557346140,Friesland,De Friese Meren
4,ChIJLfoCBiL3yEcRV8sw-h6ZzAQ,Rode Kruis Utingeradeel,"Buorren 70, 8493 LH Terherne, Netherlands",53.0406162,5.7829498,Netherlands,+31 566 689 631,http://www.rodekruis.nl/,https://maps.google.com/?cid=345819629726255959,Friesland,De Friese Meren
5,ChIJq3HwfDv8yEcR1Wn_NZNVwWY,Rode Kruis Skewiel Fryslân Noard,"James Wattstraat 4, 8912 AR Leeuwarden, Netherlands",53.19193,5.76974,Netherlands,+31 58 212 4408,http://www.rodekruis.nl/fryslan,https://maps.google.com/?cid=7404293353128290773,Friesland,Leeuwarden
8,ChIJoYtFXD1fyEcREfg5awLgzWs,Rode Kruis Heerenveen,"Businesspark Friesland-West 41, 8466 SL Nijehaske, Netherlands",52.96514029999999,5.8900215,Netherlands,+31 6 14131844,http://www.rodekruis.nl/fryslan,https://maps.google.com/?cid=7768111233277491217,Friesland,De Friese Meren
12,ChIJQ5nBaIL5yEcRBLa3enUMZLA,Rode Kruis Mid-Friesland,"Douwe Sikke Bangmastrjitte 53, 9008 TK Reduzum, Netherlands",53.1198853,5.7818025,Netherlands,+31 566 601 759,http://www.rodekruis.nl/?cid=onlineadvertising&utm_source=google&utm_medium=places&utm_campaign=google_places&utm_content=Jirnsum,https://maps.google.com/?cid=12710297747055949316,Friesland,Leeuwarden
13,ChIJs0mhBQdQyEcRm5lJQw_rZFA,Rode Kruis Opsterland,"Roekebosk 16, 9244 HC Beetsterzwaag, Netherlands",53.06488230000001,6.0834058,Netherlands,+31 512 382 101,http://www.rodekruis.nl/,https://maps.google.com/?cid=5793013471491234203,Friesland,Opsterland
15,ChIJPbrqq1vhyEcRV3ANiUxn-WM,Het Nederlandse Rode Kruis,"Linthorst Homanstraat 6, 8802 XW Franeker, Netherlands",53.1886999,5.5554212,Netherlands,+31 517 397 579,https://www.rodekruis.nl/fryslan,https://maps.google.com/?cid=7203902657370353751,Friesland,Franekeradeel
19,ChIJZ4hbonaHyEcRkeM1bRGNigk,Jeugd Rode Kruis,"Pallasstraat 141, 8303 BL Emmeloord, Netherlands",52.7045252,5.74069,Netherlands,unknown,http://www.jeugdrodekruis.nl/,https://maps.google.com/?cid=687516999113630609,unknown,unknown
15,ChIJ8yxRxhY0yEcRwaDT2-RZby4,Rode Kruis Noordenveld,"Hoppad 17, 9301 PG Roden, Netherlands",53.1458435,6.4244355,Netherlands,+31 50 503 3496,http://www.rodekruis.nl/,https://maps.google.com/?cid=3345991887635062977,Drenthe,Noordenveld
17,ChIJN69g2TPNyUcRk4chwSwjts0,Rode Kruis,"Atoomweg 28, 9743 AJ Groningen, Netherlands",53.2165602,6.5382018,Netherlands,+31 70 445 5678,https://www.rodekruis.nl/,https://maps.google.com/?cid=14823073898662299539,Groningen,Groningen
18,ChIJLSIp4JEqyEcR6ekoM7CbOIE,Rode Kruis,"Rembrandtlaan 72 a, 9601 XD Hoogezand, Netherlands",53.1658645,6.7688191,Netherlands,+31 598 327 155,http://www.rodekruis.nl/,https://maps.google.com/?cid=9311363410663369193,Groningen,Midden-Groningen
0,ChIJC8WX8-_TyUcRjqKN24wJYBs,Rode Kruis Ten Boer,"Fazanthof 41, 9791 GB Ten Boer, Netherlands",53.2784862,6.687868099999999,Netherlands,+31 50 302 1998,http://www.rodekruis.nl/,https://maps.google.com/?cid=1972587137371841166,Groningen,Ten Boer
1,ChIJKzSZEenOyUcR1i5AEv5hafw,Rode Kruis De Marne Winsum,"Hamrik 47, 9951 HK Winsum, Netherlands",53.3294655,6.5241756,Netherlands,+31 595 442 813,http://www.rodekruis.nl/,https://maps.google.com/?cid=18188176313968242390,Groningen,Het Hogeland
6,ChIJSRbnlAHOyUcRLqp1U75lTWU,Rode Kruis Afdeling Bedum,"Veeno 12A, 9781 RB Bedum, Netherlands",53.2992477,6.5937077,Netherlands,+31 50 301 5792,http://afdeling.rodekruis.nl/afdeling/groningen/dit-zijn-we/outebeschrijving,https://maps.google.com/?cid=7299602439155853870,Groningen,Het Hogeland
8,ChIJ6zSxhWDNyUcRBgL0AAFQQJs,Rode Kruis Bedum,"Van Hamelstraat 44, 9714 HL Groningen, Netherlands",53.2315784,6.5752239,Netherlands,+31 595 481 326,http://www.rodekruis.nl/,https://maps.google.com/?cid=11187029439629492742,Groningen,Groningen
9,ChIJDy4uNgIpyEcRPVoeRpbWzr8,Rode Kruis Anloo/Zuidlaren,"Entinge 7, 9472 XJ Zuidlaren, Netherlands",53.0749565,6.701264,Netherlands,+31 50 409 0969,http://www.rodekruis.nl/,https://maps.google.com/?cid=13821220247356463677,Drenthe,Tynaarlo
12,ChIJeSTO5ukqyEcRuhUugo5-YCk,Rode Kruis Slochteren,"Knijpslaan 108, 9615 BH Kolham, Netherlands",53.1773639,6.7547415,Netherlands,+31 50 575 1999,http://www.rodekruis.nl/,https://maps.google.com/?cid=2981522103853782458,Groningen,Midden-Groningen
13,ChIJEzRsmbUptkcRW5oFgVfnOeU,Rode Kruis Appingedam e.o.,"Wijkstraat 15, 9901 AE Appingedam, Netherlands",53.3203702,6.856974699999999,Netherlands,+31 50 575 1999,http://www.rodekruis.nl/,https://maps.google.com/?cid=16517487471370803803,Groningen,Appingedam
2,ChIJJyPCrZXRt0cR2nR1MZh2czk,Rode Kruis Oude en Nieuwe Pekela,"Mezenlaan 35, 9663 CM Nieuwe Pekela, Netherlands",53.0818145,6.9608203,Netherlands,+31 597 645 470,http://www.rodekruis.nl/,https://maps.google.com/?cid=4139782878520505562,Groningen,Pekela
4,ChIJy9oQ7_C3yUcRN0AgH_FcN2o,Het Nederlandse Rode Kruis,"Leensterweg 34, 9977 PC Kloosterburen, Netherlands",53.3864297,6.3739002,Netherlands,+31 595 481 326,https://www.rodekruis.nl/,https://maps.google.com/?cid=7653688282418528311,Groningen,Het Hogeland
8,ChIJ0ZEbztHSt0cRJ9buuc6kKM4,Rode Kruis Oldambt,"Oosterstraat 23, 9679 KK Scheemda, Netherlands",53.1790563,6.974736399999999,Netherlands,+31 50 575 1999,http://www.rodekruis.nl/,https://maps.google.com/?cid=14855304578671236647,Groningen,Oldambt
10,ChIJ5y3oB0rFyUcR65GGfJkNnpI,Rode Kruis Usquert/Warffum,"Biewemastraat 26, 9988 RX Usquert, Netherlands",53.4021638,6.6142325,Netherlands,+31 595 422 809,http://www.rodekruis.nl/,https://maps.google.com/?cid=10564896728728113643,Groningen,Het Hogeland
13,ChIJyd93rvbayUcRw8mVQOoL46o,Rode Kruis Eemsmond,"J. Cohenstraat 42, 9981 JD Uithuizen, Netherlands",53.4050464,6.6712755,Netherlands,+31 595 433 927,http://www.rodekruis.nl/,https://maps.google.com/?cid=12313698906894879171,Groningen,Het Hogeland
16,ChIJ6zC72eXKyUcRxzLI49U1lk0,Netherlands Red Cross,"Boslaan 16, 9801 HG Zuidhorn, Netherlands",53.24613000000001,6.4023787,Netherlands,+31 594 507 711,unknown,https://maps.google.com/?cid=5590715180192903879,Groningen,Zuidhorn
