Red Crescent Society of Uzbekistan,", 30, Yusuf Hos Hojib St., 700031 Tashkent , ",," (998) (71) 150 8111, "," (998) (71) 256 1801, ",,"secretariat@redcrescent.uz,","http://redcrescent.uz,",,
Viet Nam Red Cross Society,", 82, Nguyen Du Street, Hai Ba Trung district, Hanoï , ",," (84 24) 3826 3703, "," (84 24) 3942 4285, "," VIETNAMCROSS HANOI, ","vnrchq@netnam.org.vn,","http://www.redcross.org.vn,",,"https://www.facebook.com/VietnamRedCross/,"
Vanuatu Red Cross Society,", 1 Rue D'Auvergne Street, Port Vila , Postal Address:, P.O. Box 618, Port Vila , ",", P.O. Box 618, Port Vila , "," (678) 27418 - 27258, "," (678) 22599, "," VANRED, ","ceo@redcrossvanuatu.com,",,,"www.facebook.com/VanuatuRedCross/, 
			, 
			, 
		"
Tuvalu Red Cross Society,", P. O. Box 14 Funafuti Tuvalu, Postal Address:, P. O. Box 14, Funafuti, Tuvalu , ",", P. O. Box 14, Funafuti, Tuvalu , "," (688) 207 40, "," (688) 207 40, ",,"redcrosstuvalu@gmail.com,",,,
Tonga Red Cross Society,", P.O. Box 456, Nuku'Alofa, South West Pacific, South West Pacific, Nuku'Alofa , Postal Address:, P O Box 456,, Taufa’ahau road,, Nuku’alofa,, Tonga , ",", P O Box 456,, Taufa’ahau road,, Nuku’alofa,, Tonga , "," (676) 21360 / 21950, "," (676) 21 508, "," REDCROSS TONGA, ","sg@tongaredcross.to,","http://www.tongaredcross.com,",,"tongaredcross face book,  face book, 
			, 
			, 
		"
Timor-Leste Red Cross Society,", Rua 20 de Maio, No 79, Bairro Formosa,, Dili , Postal Address:, P.O. Box 268 Dili, TL, Dili , ",", P.O. Box 268 Dili, TL, Dili , "," (670) 3321 668, "," (670) 3322 010, ",,"info@redcross.tl,","http://www.redcross.tl,",,
The Thai Red Cross Society,", Administration Bureau, Terd Prakiat Building, 1871 Henry Dunant Road, Bangkok 10330, ",," +66 2256 4037, +66 2256 4048, "," (66) (2) 255 3064, ",,"intertrc@redcross.or.th,","http://www.redcross.or.th,",,"http://www.facebook.com/Thairedcross/,"
The Solomon Islands Red Cross,", Postal Address:, P.O. Box 187, Lombi Crescent Street, New Chinatown, Honiara , ",", P.O. Box 187, Lombi Crescent Street, New Chinatown, Honiara , "," (677) 22682/25999, "," -, ",,"dissemination@redcross.org.sb,",,,https://www.facebook.com/solomonislandsredcrosssociety/
Nigerian Red Cross Society,"Plot 589 T.O.S. Benson Street Off Ngozi Okonjo Iweala, Utako District Abuja",,"(234) 803 713 33 45, (234) 803 473 62 00",,,admin@redcrossnigeria.org,http://www.redcrossnigeria.org,https://twitter.com/nrcs_ng,https://www.facebook.com/NigerianRedCrossSocietyNhqts/
Senegalese Red Cross Society,"3, Boulevard Franklin Roosevelt, dakar, Senegal",,(221) 33 823 39 92,(221) 33 822 53 69,,crsnational@orange.sn,http://www.croixrougesenegal.com/,https://twitter.com/CSenegalaise,https://www.facebook.com/croixrouge.senegalaise
Rwandan Red Cross,", B.P. 425, Kigali , Postal Address:, B.P. 425, Kacyiru - Kigali, ",", B.P. 425, Kacyiru - Kigali, "," (250) 255 105 260, ",,,"rrcs@rwandaredcross.org,","http://www.rwandaredcross.org,",,
Red Cross Society of Niger,", No 655, rue NB 045,, Niamey Bas Terminus, 2ème Arrondissement, Niamey , Postal Address:, B.P. 11386, Niamey , ",", B.P. 11386, Niamey , "," (227) 20 73 30 37, "," (227) 20 73 24 61, ",,"crniger@intnet.ne,",,,
Sao Tome and Principe Red Cross,", Avenida  Marginal 12 de Julho, No.11, Sao Tomé , Postal Address:, C.P. 96, Sao Tomé , ",", C.P. 96, Sao Tomé , "," (239) 222 24 69, "," (239) 222 23 05, ",,"cvstp@cstome.net,","http://www.cruzvermelha-stop.org,",,
Mauritius Red Cross Society,", Ste. Thérèse Street, Curepipe , ",," (230) 670 02 76/670 12 74, "," (230) 674 88 55, "," MAUREDCROSS CUREPIPE, ","mrcs@mauritiusredcross.org,","http://www.mauritiusredcross.org,",,
Seychelles Red Cross Society,", Providence Industrial Estate, Zone 18, Mahe , Postal Address:, B.P. 53, Victoria Mahé , ",", B.P. 53, Victoria Mahé , "," (248) 437 4543 / 437 4544, ",,,"hqredcross@ymail.com,","http://www.seychellesredcross.sc,",,"https://www.facebook.com/pages/Red-Cross-society-of-Seychelles/512444422115061,"
Namibia Red Cross,", No 2128 Independance Avenue, Windhoek , Postal Address:, P.O. Box 346, Windhoek , ",", P.O. Box 346, Windhoek , "," (264) (61) 413 750, "," (264) (61) 228 949, ",,"enquiries@redcross.org.na,","http://www.redcross.org.na,",,https://www.facebook.com/NamibiaRedCross/
Mozambique Red Cross Society,", Avenida Agostinho Neto, 284, Maputo , Postal Address:, Caixa Postal 2986, Maputo , ",", Caixa Postal 2986, Maputo , "," (258) 82 3012251/2, "," (258) (21) 497 725, ",,"cvm@redcross.org.mz,","http://www.redcross.org.mz,",,
Angola Red Cross,"Rua 11 de Novembro. Viana, Luanda Province, Angola",,(244) 931 677 572,(244 222) 291 630,,contactos@cruzvermelha.og.ao,http://www.cruzvermelha.og.ao/,,
Mali Red Cross,", Djélibougou, Rue 261, Porte 02, Route Koulikoro, Bamako , Postal Address:, B.P. 280, Bamako , ",", B.P. 280, Bamako , "," (+223) 20 24 45 69, "," (+223) 20 24 04 14, ",,"crmalienne@croixrouge-mali.org,","http://www.croixrouge-mali.org,",,
Sierra Leone Red Cross Society,", 6 Liverpool Street, P.O. Box 427, Freetown , Postal Address:, P.O. Box 427, Freetown , ",", P.O. Box 427, Freetown , "," (232) (22) 222 384 / (232) (76) 517 519 , "," (232) (22) 22 90 83, "," SIERRA RED CROSS, ","slrcshq@sierraleoneredcross.org,","http://www.sierraleoneredcross.org,",,
Trinidad and Tobago Red Cross Society,", 7a, Fitz Blackman Drive, Wrightson Road Extension, Port of Spain, Trinidad, West Indies , Postal Address:, P.O. Box 357, Port of Spain, Trinidad West Indies , ",", P.O. Box 357, Port of Spain, Trinidad West Indies , "," (1) (868) 627 82 15 / 8218, "," (1) (868) 627 88 13, "," TRINREDCROSS, ","admin@ttrcs.org,",http://www.caribbeanredcross.org,,"https://www.facebook.com/TTRCS/,"
Suriname Red Cross,", Gravenberch Straat 2 - 6, P.O. Box 2919, Paramaribo , Postal Address:, Paramaribo , ",", Paramaribo , ", (597) 498 520," (597) 464-780, ",,"surcross@sr.net,",,,"Het Surinaamse Rode Kruis,  Surinaamse Rode Kruis, 
			, 
			, 
		"
Mauritanian Red Crescent,", Avenue Gamal Abdel Nasser, Nouakchott , Postal Address:, B.P. 344, Nouakchott , ",", B.P. 344, Nouakchott , "," (222)  525 12 49/659 24 10/525 12 49 , "," (222)  525 47 84/529 12 21, ",,"crm@toptechnology.mr,",,,
Salvadorean Red Cross Society,", 17 Calle Poniente y Avenida Henry Dunant,, Centro de Gobierno, San Salvador , Postal Address:, CP1101, San Salvador , ",", CP1101, San Salvador , "," (503) 2222 7749, ("," (503) 2222 7758, "," CRUZALVA SAN SALVADOR, ","rigoberto.hernandez@cruzrojasal.org.sv,","http://www.cruzrojasal.org.sv,",,https://www.facebook.com/search/top/
Saint Lucia Red Cross,", P.O. Box 271, General Post Office, Castries LC04, 101, Postal Address:, P.O. Box 271, General Post Office, Castries LC04, 101, ",", P.O. Box 271, General Post Office, Castries LC04, 101, "," (1) (758) 452-5582, "," (1) (758) 453-7811, ",,"sluredcross@candw.lc,",http://www.caribbeanredcross.org,,
The Sri Lanka Red Cross Society,"104 Dharmapala Mawatha, Colombo, Sri Lanka",,(9411) 2691095 | (9411) 5388710,(9411) 2682675,,info@redcross.lk,http://www.redcross.lk,https://twitter.com/slredcross?lang=en,https://www.facebook.com/srilankaredcross/
The Bahamas Red Cross Society,", National Headquarters, John F. Kennedy Drive, Nassau , Postal Address:, P.O. BoxN-8331, Nassau , ",", P.O. BoxN-8331, Nassau , "," (1242) 323-7370/328-4415, "," (242) 323-7404, "," BAHREDCROSS NASSAU, ","redcross@bahamas.net.bs,","http://bahamasredcross.com,",,"https://www.facebook.com/Bahamas-Red-Cross-Society-287498687576/,"
Saint Vincent and the Grenadines Red Cross,", Halifax Street, Ministry of Education, St Vincent WI , Postal Address:, P.O. Box 431, St Vincent WI , ",", P.O. Box 431, St Vincent WI , "," (1) (784) 456 1888, "," (1)(784) 485 6210, ",,"svgredcross@vincysurf.com,",http://www.caribbeanredcross.org,,
Peruvian Red Cross,", Av. Arequipa N° 1285, Lima , ",," (51) (1) 266 0481, "," (51) (1) 266 0481, "," CRUZROJA PERUANA LIMA, ","contacto@cruzroja.org.pe,","http://www.cruzroja.org.pe,",,
Malawi Red Cross Society,", Red Cross House, Presidential Way, Area 14, Lilongwe , Postal Address:, P.O. Box 30096, Capital City, Lilongwe 3, ",", P.O. Box 30096, Capital City, Lilongwe 3, "," (265-1) 775 590, "," -, ",,"mrcs@redcross.mw,","http://www.redcross.mw,",,
Nicaraguan Red Cross,", Reparto Belmonte, Carretera Sur, Km 7, Apartado 3279, Managua , Postal Address:, Managua , ",", Managua , "," (505) 2265 1428/265 1582 , "," (505)2265-1643, ",,"asistentepresidencia@humanidad.org.ni,","http://cruzrojanicaraguense.org,",,
Uruguayan Red Cross,", Avenida 8 de Octubre, 2990, 11600 Montevideo , ",," (598) (2) 480 21 12, "," (598) (2) 480 07 14, "," CRUZ ROJA URUGUAYA MONTEVIDEO, ","presidencia@cruzroja.org.uy,",,,
Venezuelan Red Cross,", Avenida Andrés Bello, 4, 1010 Caracas , Postal Address:, Apartado 3185, 1010 Caracas , ",", Apartado 3185, 1010 Caracas , "," (58) (212) 571- 4380 / 58212-571-2143, "," (58) (212) 578- 2054/58212-576-1042, "," CRUZ ROJA CARACAS, ","presidencia@cruzrojavenezolana.org,","http://www.cruzrojavenezolana.org,",,
Jamaica Red Cross,", Central Village, St Catherine, 76 Arnold Road, Jamaica West Indies, Kingston 5, ",," (1) (876) 984 7860/7861/7862, "," (1) (876) 984 8272, "," JAMCROSS KINGSTON, ","jrcs@jamaicaredcross.org,","http://www.jamaicaredcross.org,",,
Haiti Red Cross Society,", Camp de Base, Avenue Maïs Gaté,, Tabarre, Route de l'Aéroport, Zone Gérald Bataille, En face AVIS Car Rental, Port-au-Prince HAITI 6110, Postal Address:, CRH - B.P. 1337, Port-Au-Prince , ",", CRH - B.P. 1337, Port-Au-Prince , "," +509 4889 7918  , ",,,"president@croixrouge.ht,","http://www.croixrouge.ht,",,Société Nationale de la Croix-Rouge Haïtienne
Mexican Red Cross,", Calle Juan Luis Vives 200, Colonia Polanco, México D.F. 11510, ",," (5255) 10 84 45 05 /5255 10 84 45 10 /5255 10 84 45 45, "," (5255) 1084 4514, "," CRUZROJA MEXICO, ","dirgral@cruzrojamexicana.org.mx,","http://www.cruzrojamexicana.org.mx,",,
Red Cross Society of Panama,", Albrook, Areas Revertidas, Calle Jorge Bolívar Alemán Estévez, Edificio # 453, Panamá , Postal Address:, Apartado 0816-07822, Panamá , ",", Apartado 0816-07822, Panamá , "," (507) 315-1429 / 1389               , "," (507) 315-1401 / 1018, ",,"crpanama@cruzroja.org.pa,","http://www.cruzroja.org.pa,",,
Colombian Red Cross Society,"Segundo piso Bloque Sur 111071, Bogota, Colombia",,(571) 437 5300,(571) 4376300 Ext 2001,,presidencia@cruzrojacolombiana.org,http://www.cruzrojacolombiana.org,https://twitter.com/cruzrojacol,https://www.facebook.com/pages/Cruz-Roja-Colombiana/213274742018085
Costa Rican Red Cross,"Edificio Operativo Mander Van Dele Avenida 8. San Jose, Costa Rica",,Sede Central (506) 25425000,(506) 22553098,,presidencia@cruzroja.or.cr,http://www.cruzroja.or.cr,,https://www.facebook.com/cruzrojacostarricense
The Guyana Red Cross Society,", Barrack Street, P.O. Box 10524, Georgetown , Postal Address:, P.O. Box 10524, Georgetown , ",", P.O. Box 10524, Georgetown , "," (592) 226-5174  / (592)223-8287 / (592) 227-1116, "," 1-592-227-7099, "," GUYCROSS GEORGETOWN, ","guyanaredcross@yahoo.com,","http://guyanaredcross.org.gy,",,
Dominican Red Cross,"Juan Enrique Dunant 51, Santo Domingo, Dominican Republic",,(001809) 334-4545,(001809) 238-5252,,presidenciacrd@hotmail.com,http://www.cruzroja.org.do/,https://twitter.com/crdominicana,https://www.facebook.com/pages/Cruz-Roja-Dominicana/139587719453563
Ecuadorian Red Cross,", Antonio Elizalde E 4-31 esq.cn, Av. Gran Colombia, 2119 Quito , Postal Address:, Casilla 1701, 2119 Quito , ",", Casilla 1701, 2119 Quito , "," 00 5932 228 4806 / 00 5932 295 4587, "," 00-5932-2570424, ",,"presidencia@cruzroja.org.ec,","http://www.cruzroja.org.ec,",,
Guatemalan Red Cross,", 3a Calle 8-40, Zona 1, Guatemala C.A., ",," (00502) 2381 6565, "," (00502) 2381 6575, ",,"direcciongeneral@cruzroja.gt,","http://www.cruzroja.gt,",,
Samoa Red Cross Society,", P.O. Box 1616, Apia , Postal Address:, P.O. Box 1616, Apia , ",", P.O. Box 1616, Apia , "," (685) 23686, "," (685) 22676, ",,"samoaredcross@samoa.ws,","http://www.redcross.org.ws,",,
Singapore Red Cross Society,", 15 Penang Lane, Red Cross House, 238486 Singapore , ",," (65) 6664 0500, "," (65) 6337 4360, ",,"enquiry@redcross.sg,","http://www.redcross.sg,",,
Papua New Guinea Red Cross Society,", Peturu Street, Taurama Road, 3 Mile, Port Moresby , Postal Address:, P.O. Box 6545, BOROKO, National Capital District , ",", P.O. Box 6545, BOROKO, National Capital District , "," (675) 325 8755 / 325 7016 /  325 8759 /  325 8579, "," (675) 325 9714, ",,"snianfop.pngrcs@gmail.com,",,,"PNG Red Cross Society,  Red Cross Society, 
			, 
			, 
		"
Palau Red Cross Society,", Postal Address:, P.O. Box 6043, Koror 96940, ",", P.O. Box 6043, Koror 96940, "," +680 488 5780 / +680-488 5781, "," +680 488 4540, ",,"iinfo@palauredcross.org,",,,
Pakistan Red Crescent,", National Headquarter, Sector H-8, Islamabad , ",," (92) (51) 9250404 - 7, ", (92) (51) 9250408  ," HILALAHMER ISLAMABAD, ","prcs@prcs.org.pk,","http://www.prcs.org.pk,",,
Bolivian Red Cross,"Ave Simon Bolivar, La Paz, Bolivia",,,,,,,,
Saint Kitts and Nevis Red Cross Society,", National Headquarters, Horsford Road, P.O. Box 62, St. Kitts, West Indies, Basseterre , Postal Address:, P.O. Box 62, St. Kitts, West Indies, Basseterre , ",", P.O. Box 62, St. Kitts, West Indies, Basseterre , "," 1 (869) 465-2584, "," 1 (869) 466-8129 , ",,"skbredcr@sisterisles.kn,","http://www.,",,
Grenada Red Cross Society,", Upper Lucas Street, P.O. Box 551, St. George's , Postal Address:, P.O. Box 551, St. George's , ",", P.O. Box 551, St. George's , "," (001473) 440-1829, "," (001473) 440-1829, ",,"grercs@spiceisle.com,","http://www.grenadaredcross.org,",,
Mongolian Red Cross Society,", MRCS Building, Peace Street,, 1st Khoroo, Sukhbaatar District, 14210, Ulaanbaatar 13, ",," (976) (11) 32 94 33, "," (976) (11) 32 33 34, ",,"redcross@redcross.mn,","http://www.redcross.mn,",,
Micronesia Red Cross,", Kaselehlie Main St., FM 96941 Pohnpei State , Postal Address:, P.O. Box 2405 Kolonia, Kolonia, Pohnpei State , ",", P.O. Box 2405 Kolonia, Kolonia, Pohnpei State , "," (691) 3207077, "," (691) 3206531, ",,"mrcs@mail.fm,",,,
Dominica Red Cross Society,", National Headquarters, Federation Drive, Goodwill, Roseau , ",," (001)(767) 448-8280/440-2483/615-8414/448-8280/, "," (001) (767) 448-7708, "," DOMCROSS, ","directorgeneral@redcross.dm,",http://www.caribbeanredcross.org,,
Maldivian Red Crescent,", 4th Floor, Maldives Post Building, Boduthakurufaanu Magu, Male 20026, ",," +960 334 1009, "," +960 334 7009, ",,"info@redcrescent.org.mv,","http://www.redcrescent.org.mv,",,
Malaysian Red Crescent Society,", National Headquarters Complex, Lot PT54 Section 69 Jalan Lengkok Belfield, Off Jalan Wisma Putra, 50460 Kuala Lumpur , ",," (60) (3) 2143 8122 / 2144 9227 / 2143 6122 / 2143 7122, "," (60) (3) 2143 5122, 2144 7872, ",,"secgen@redcrescent.org.my,","http://www.redcrescent.org.my,",,
Lao Red Cross,", Impasse XiengNhune, Avenue Sethathirad, Vientiane , Postal Address:, B.P. 650, Vientiane , ",", B.P. 650, Vientiane , "," (856) (21) 216 610 / (856) (21) 214504, "," (856) (21) 214504, ",,"info@laoredcross.org.la,","http://www.laoredcross.org.la,",,"www.facebook.com/LaoRedCrossSociety, 
			, 
			, 
		"
The Republic of Korea National Red Cross,", 145 Sopa-Ro, Jung-Gu, 04629 Seoul , ",," (82) (2) 3705 3661/3/5, "," (82) (2) 3705 3667, ",,"international@redcross.or.kr,","http://www.redcross.or.kr,",,"https://facebook.com/koreanredcross.page,"
Red Cross Society of the Democratic People's Republic of Korea,", Ryonhwa 1 dong, Central District, Pyongyang , ",, (850) (2) 18333 / 18444 (, (850) (2) 3814644," KOREACROSS PYONGYANG, ","dprk-rc@star-co.net.kp,",,,
Kiribati Red Cross Society,", P.O. Box 213, Bikenibeu, Tarawa , ",," (686) 255 01/260 19, "," (686) 283 35, ",,m,,,
Japanese Red Cross Society,", 1-3 Shiba Daimon, 1-Chome, Minato-ku, Tokyo 105-8521, ",," (81) (3) 3437 7087, "," (81) (3) 6679 0785, "," JAPANCROSS TOKYO, ","kokusai@jrc.or.jp,","http://www.jrc.or.jp,",,
Indonesian Red Cross Society,", Indonesia Red Cross Society, Jl. Jenderal Gatot Subroto Kav. 96, 12790 Jakarta Selatan , Postal Address:, P.O. Box 20, Jakarta Selatan , ",", P.O. Box 20, Jakarta Selatan , "," (62) (21) 7992325, "," (62) (21) 7995188, "," INDONCROSS JKT, ","pmi@pmi.or.id,",http://www.pmi.or.id,,"https://www.facebook.com/palangmerah/,"
Indian Red Cross Society,", 1 Red Cross Road, New Delhi 110 001, ",," (91) 11 2371 6441/2371 6442, "," (91) 11 2371 7454/2371 7063, "," INDCROSS NEW DELHI, ","ircs@indianredcross.org,","http://www.indianredcross.org,",,"https://www.facebook.com/ircsofficial/,"
Fiji Red Cross Society,", 22 Gorrie Street, Suva , Postal Address:, GPO Box 569, Suva , ",", GPO Box 569, Suva , "," (679) 3314 133, "," (679) 3303 818, "," REDCROSS SUVA, ","contactus@redcross.com.fj,","http://www.fijiredcross.org,",,"https://www.facebook.com/FijiRedCrossSociety/,"
Cook Islands Red Cross,", Rarotonga , Postal Address:, P.O. Box 888, Avarua Rarotonga , ",", P.O. Box 888, Avarua Rarotonga , "," (682) 22598, "," (682) 22598, ",,"cookis@redcross.org.ck,","http://www.redcross.org.ck,",,
Red Cross Society of China,", 8 Beixinqiao Santiao Dongcheng District, 100007 Beijing , ",," (86) (10) 6402 8411 / (86) (10) 6402 6934 , "," (86) (10) 6402 9928, "," HONGHUI BEIJING, ","rcsc@redcross.org.cn,","http://www.redcross.org.cn,",,
Cambodian Red Cross Society,", 16 A, street 652/271, O Bek Kaam, Sangkat Toek Laak 3, Khan Tuol Kork, Phnom-Penh , ",," +855 23 881 511, "," +855 23 881 522, ",,"info@redcross.org.kh,","http://www.redcross.org.kh,",,"https://www.facebook.com/crcnhq/,"
Brunei Darussalam Red Crescent Society,", Brunei Darussalam Red Crescent Society, P.O. Box 1080, Bandar Seri Begawan , ",," (673) 877 5002, "," (673) 26 51 513, ",,"bdredcrescent@gmail.com,",,,"https://www.facebook.com/bruneired.crescent,"
Honduran Red Cross,", 7a Calle, Entre 1a. y 2a. Avenidas, Comayagüela D.C., ",," (504) 2237-1800, "," (504) 2238-0185 , "," HONDUCRUZ COMAYAGUELA, ","josejuan.castro@cruzroja.org.hn,","http://www.cruzroja.org.hn,",,"com/cruzrojahon, 
			, 
			, 
		"
Australian Red Cross,", 155 Pelham Street, Carlton South, Melbourne VIC 3053, Postal Address:, P.O. Box 196, Carlton South VIC 3053, ",", P.O. Box 196, Carlton South VIC 3053, ", ," (613) 9341 7572, ",,"natinfo@redcross.org.au,",http://www.redcross.org.au,,
Afghan Red Crescent Society,", 5th District Afshar e Sillo, Qargha Road, Headquarter Office, Kabul , Postal Address:, P.O. Box 3066, Shar Naw, Kabul , ",", P.O. Box 3066, Shar Naw, Kabul , "," +93799652893, "," -, ",,"int.relation.arcs@gmail.com,","http://www.redcrescent.af,",,
Nepal Red Cross Society,"Red Cross Marg, Kathmandu, Nepal",,(977) (1) 4270 650,(977) (1) 4271 915,,nrcs@nrcs.org,http://www.nrcs.org,https://twitter.com/NepalRedCross,https://www.facbook.com/nepalredcross
Bangladesh Red Crescent Society,"684-686, Red Crescent Road, Bara Maghbazar, Dhaka 1217, Bangladesh",,,,,info@bdrcs.org,http://www.bdrcs.org,https://twitter.com/BDRCS1,https://www.facebook.com/bdredcrescent/
Red Crescent Society of Turkmenistan,", 116/bld., 2022 str.,, 744000 Ashgabat , ",, +(993) 12931750," +(993) 12930349, ",,"crescentinf@online.tm,",,,
Red Crescent Society of Tajikistan,", 120, Umar Khayom Str., 734017 Dushanbe , ",," (992-37) 224 0374 , "," (992-37) 224 4433, ",,"redcrescent.tj@gmail.com,","http://www.redcrescent.tj,",,
Swiss Red Cross,", Rainmattstrasse 10, 3001 Bern , Postal Address:, Postfach, 3001 Bern , ",", Postfach, 3001 Bern , ", +41 58 400 41 11   (," (41) (31) 3877122, "," CROIXROUGE SUISSE BERNE, ","info@redcross.ch,","http://www.redcross.ch,",,
Swedish Red Cross,", Hornsgatan 54, SE 11891 Stockholm , Postal Address:, Box 17563, SE-118 91 Stockholm , ",", Box 17563, SE-118 91 Stockholm , "," (46) (8) 4524600, ", (46) (8) 452 46 01(," SWEDCROS STOCKHOLM, ","info@redcross.se,","http://www.redcross.se,",,"www.facebook.com/rodakorset  ,   , 
			, 
			, 
		"
Spanish Red Cross,", Avda. Reina Victoria 26, 28003 Madrid , ",, (34) (91) 335 44 44 / 91 522 22 22 (, (34) (91) 335 44 55 / 91 335 45 55 (,,"registro@cruzroja.es,",http://www.cruzroja.es,,"https://www.facebook.com/CruzRoja.es,"
Turkish Red Crescent Society,", Ataç Sokak 1  No. 32, Yenisehir, Cankaya, 06420 Ankara , ",," (90) (312) 430 23 00, "," (90) (312) 430 01 75, ",,"international@kizilay.org.tr,",http://www.kizilay.org.tr,,"https://www.facebook.com/TurkKizilayi.org,"
Slovak Red Cross,", Grösslingova 24, 814 46 Bratislava 1 1, ",, (421) (2) 57 10 23 21 ," (421) (2)  529 232 79 , ",,"sekretariat@redcross.sk,","http://www.redcross.sk,",,https://www.facebook.com/slovenskycervenykriz/
Belize Red Cross Society,", 1 Gabourel Lane, Belize City , Postal Address:, P.O. Box 413, Belize City , ",", P.O. Box 413, Belize City , "," (501) 207-2219, ",,,"bzercshq@btl.net,",http://www.caribbeanredcross.org,,"https://www.facebook.com/BelizeRedCross/,"
Cuban Red Cross,", Calle 20 #707 entre 7ma.y29 Playa, Ciudad de la Habana, C.D. 11300 Cuba, Ciudad de la Habana , Postal Address:, C.P. 10300, Ciudad de la Habana , ",", C.P. 10300, Ciudad de la Habana , "," (53) (7) 206 10 55/206 14 03, "," (53) (7) 206 10 58, "," CRUROCU HABANA, ","crsn@infomed.sld.cu,",http://www.sld.cu,,
Slovenian Red Cross,", Mirje 19, SI-1000 Ljubljana , Postal Address:, P.O. Box 236, SI-1000 Ljubljana , ",", P.O. Box 236, SI-1000 Ljubljana , "," (386) (1) 2414300, "," (386) (1) 2414344, ",,"rdeci.kriz@rks.si,",http://www.rks.si,,
Portuguese Red Cross,", Jardim 9 de Abril, 1 a 5, 1249-083 Lisboa , ",, (351) 213 913 900/213 913 924 (," (351) 213 913 993, "," CRUZVERMELHA, ","internacional@cruzvermelha.org.pt,","http://www.cruzvermelha.pt,",,www.facebook.com/cruzvermelhaportuguesa.sede/
The Russian Red Cross Society,", Cheryomushkinsky Proezd 5, RF 117036 Moscow , ",, (7) (499) 126 75 71 / 126 0190 /126 76 11 (," (7) (499) 126 42 66, ",,"mail@redcross.ru,",http://www.redcross.ru,,
Red Cross of the Republic of San Marino,", Via Scialoja no 12, Cailungo 47893, ",," (37) (8) 994360, "," (37) (8) 994360, "," CROCE ROSSA REPUBBLICA DI SAN MARINO, ","crs@omioway.sm,",,,
Brazilian Red Cross,", Praça Cruz Vermelha No. 10-12, 20230-130 Rio de Janeiro , ",," (55) (21)  2507-3577 / 55 21 2507 3392, "," (55) (21) 2224-2717, "," BRAZCROSS RIO DE JANEIRO, ","gabinete@cvb.org.br,",http://www.cruzvermelha.org.br,,"https://www.facebook.com/cruzvermelhabrasileira.orgaocentral/,"
Marshall Islands Red Cross,"PO Box 2014, Majuro, MH, 96960",,,,,info@rmiredcross.org,https://www.rmiredcross.org/,,https://www.facebook.com/RMIRC/
Chilean Red Cross,", Avda Santa María N° 0150, Providencia, Santiago de Chile , ",," (56) (2) 27834100, "," (56) (2) 27370270, ",,"presidencia@cruzroja.cl,","http://www.cruzroja.cl,",,"https://www.facebook.com/cruz.roja.chile,"
Polish Red Cross,", ul. Mokotowska 14, 00561 Warszawa , Postal Address:, Warszawa , ",", Warszawa , "," (48) (22) 3261 286, "," (48) (22) 628 41 68, ",,"head.office@pck.org.pl,","http://www.pck.org.pl,",,
Red Cross of Montenegro,", Jovana Tomasevica 6, 81000 Podgorica , ",," 00382 20 241 819, "," 00382 20 241 613, ",,"ckcg@t-com.me,","http://www.ckcg.me,",,"https://www.facebook.com/CrvenikrstCG/,"
Red Cross Society of the Republic of Moldova,", 67A, Gh. Asachi Sreet, MD-2028 Chisinau , ",," (37322) 72 96 44/72 58 24, "," (37322) 72 96 44/72 58 24, ",,"redcross.md@gmail.com,","http://redcross.md,",,"https://www.facebook.com/redcross.md/,"
The Red Cross of the former Yugoslav Republic of Macedonia,", No. 13 Blvd. Kocho Racin, 1000 Skopje , ",," (389) 23 114 355, "," (389) 23 230 542, ",,"mrc@redcross.org.mk,","http://www.ckrm.org.mk,",,
Norwegian Red Cross,", P.O. Box 1 Gronland, 0133 Oslo , Postal Address:, Postbox 1., Gronland, 0133 Oslo , ",", Postbox 1., Gronland, 0133 Oslo , "," (47) 22054000, "," (47) 22054040, "," NORCROSS OSLO, ","post@redcross.no,","http://www.redcross.no,",,"https://www.facebook.com/rodekors/,"
The Netherlands Red Cross,", Anna van Saksenlaan 50, 2593 HT The Hague , Postal Address:, P.O. Box 28120, 2502 KC The Hague , ",", P.O. Box 28120, 2502 KC The Hague , "," (31) (70) 4455666, "," (31) (70) 4455777, ",,"contactcenter@redcross.nl,",http://www.rodekruis.nl,,
Yemen Red Crescent Society,", Head Office, Building N° 10 ,, Al-Qa'a District, Near Minister's Office,, 26 September Street, Sanaa , Postal Address:, P.O. Box 1257, Sanaa , ",", P.O. Box 1257, Sanaa , "," (967) (1) 283132/3, "," (967) (1) 293228, "," SANAA HELAL AHMAR, ","yemenrcs@gmail.com,",,,
The Red Cross of Serbia,", Simina 19, 11000 Belgrade , ",, +381 11 3032125/3032127/3032129(, +381 11 2634348 (,,"serbia@redcross.org.rs,","http://www.redcross.org.rs,",,"https://www.facebook.com/redcrossofserbia,"
Malta Red Cross Society,", 104 St Ursula Street, Valletta VLT 05, ",," (356) 21222645/21221022/27221022, "," (356) 21243664, ",,"dg@redcross.org.mt,","http://www.redcross.org.mt,",,
Saudi Red Crescent Authority,", King Fahd Road,, Al Sahafa District, Riyadh 11129, ",," +966 11 2805555, "," +966 11 2806666, ",,"inr@srca.org.sa,","http://www.srca.org.sa,",,
Emirates Red Crescent,", Postal Address:, P.O. Box 3324, Abu Dhabi , ",", P.O. Box 3324, Abu Dhabi , "," 009715 2 699 65 95, "," 009715 2 642 01 01, "," HILAL AHMAR ABU DHABI, ","callcenter@rcuae.ae,","http://rcuae.ae,",,
Tunisian Red Crescent,", 19, Rue d'Angleterre, 1000 Tunis , ",," (216) (71) 325 572  / (216) (71) 320 630, "," (216) (71) 320 151, "," HILALAHMAR TUNIS, ","hilal.ahmar@planet.tn,","http://www.crt.tn,",,
Red Cross of Monaco,", 27, Boulevard de Suisse, 98000 Monte Carlo , ",," (377) 97 97 68 00, "," (377) (93) 159047, "," CROIXROUGE MONTECARLO, ","redcross@croix-rouge.mc,","http://www.croix-rouge.mc,",,"https://www.facebook.com/croixrouge.monaco/,"
Qatar Red Crescent Society,", Postal Address:, P.O. Box 5449, Doha , ",", P.O. Box 5449, Doha , "," +974 44027777, "," +974 44027779, "," hilal doha, ","info@qrcs.org.qa,","http://www.qrcs.org.qa,",,
Moroccan Red Crescent,", Palais Mokri, Takaddoum, Rabat 10190, Postal Address:, B.P. 189, Rabat 10190, ",", B.P. 189, Rabat 10190, "," (212) (5) 3765 3549 / (212) (5) 3775 8099, "," (212) (5) 3763 9468, "," ALHILAL RABAT, ","crm@menara.ma,","http://www.croissant-rouge.ma,",,"https://www.facebook.com/hilal.maroc.3,"
Antigua and Barbuda Red Cross Society,"Old Parham Road, St John's, Antigua and Barbuda",,(1) (268) 462-0800,(1) (268) 460-9595,,info@abredcross.org,http://www.abredcross.org/,,https://www.facebook.com/AntiguaBarbudaRedCross
The Barbados Red Cross Society,", Warrens, St. Michael's, P.O. Box 300, Bridgetown BB 23028, ",," +1 246 4172727, "," (1) (246) 426-2052 , "," REDCROSS BARBADOS, ","winston@bfgandco.bb,",http://www.barbadosredcross.org,,"https://www.facebook.com/barbadosredcross/,"
Libyan Red Crescent,", Postal Address:, P.O. Box 541, Benghazi , ",", P.O. Box 541, Benghazi , "," (218) (61) 909 5202/909 5152/908 1582, "," (218) (61) 909 5829, ",,"libyanrc@gmail.com,",http://www.lrc.org.ly,,
The Canadian Red Cross Society,", 170 Metcalfe Street, Suite 300, Ottawa - Ontario K2P 2P2, ",," (1) (613) 7401900, "," (1) (613) 7401911, "," CANCROSS OTTAWA, ","cancross@redcross.ca,",http://www.redcross.ca,,"https://www.facebook.com/canadianredcross/,"
Kuwait Red Crescent Society,", P.O.Box 1359, Safat Code No 13014, Kuwait , Postal Address:, P.O. Box 1359, 13014 Safat , ",", P.O. Box 1359, 13014 Safat , "," +965 24818084/24818085, "," +965 24839114/24835266, ",,"krcs@krcs.org.kw,","http://www.krcs.org.kw,",,
Red Crescent Society of the Islamic Republic of Iran,", the Islamic Republic of Iran, No 1362 Valiasr Avenue, Building of Peace, 1517813511 Tehran , ",," (98) (21)886 626 18/9, "," (98) (21) 8820 1052, ",,"intdep@rcs.ir,","http://www.rcs.ir,",,
Egyptian Red Crescent Society,", Abd El Razek Al Sanhoury Street, Nasr City, 8th district, Cairo , Postal Address:, P.O. Box 7516, Cairo, ",", P.O. Box 7516, Cairo, "," (20) 2 26703979/81/83, "," (20) 2 26703967, ",,"erc@egyptianrc.org,","http://www.egyptianrc.org,",,
Lithuanian Red Cross Society,", A Juozapaviciaus street 10A, 09311 Vilnius , ",," (370) (5) 212 7322, "," (370) (5) 261 9923, ",,"elze@redcross.Lt,","http://www.redcross.lt,",,
Bahrain Red Crescent Society,", Building 25,, Road 1901,, Block 319, Manama , Postal Address:, P.O. Box 882; Kingdom of Bahrain, Manama , ",", P.O. Box 882; Kingdom of Bahrain, Manama , "," (973) 172 931 71/172 93 100, "," (973) 17-29 17 97, "," HILAHAMAR MANAMA, ","hilal@batelco.com.bh,","http://www.rcsbahrain.org,",,"https://www.facebook.com/BahrainRedCrescent/,"
Algerian Red Cross,", 15 bis, Boulevard Mohammed V, 16000 Alger , ",," (213) (21) 63 39 56, "," (213) (21) 63 43 14 / (+213) 21 63 36 90, "," HILALAHMAR ALGER, ","info@cra-algerie.org,","http://www.cra-algerie.org,",,
Luxembourg Red Cross,", 44, bd. Joseph II, L-1840 Luxembourg , Postal Address:, B.P. 404, L-2014 Luxembourg , ",", B.P. 404, L-2014 Luxembourg , "," (352) 27552000, "," (352) 27552001, ",,"siege@croix-rouge.lu,",http://www.croix-rouge.lu,,
Liechtenstein Red Cross,", Heiligkreuz 25, FL-9490 Vaduz , ",," (423)  2322294, "," (423)  2322240, "," ROTESKREUZ VADUZ, ","info@roteskreuz.li,","http://www.roteskreuz.li,",,
Lebanese Red Cross,", Kontari, Spears Street, Beyrouth , ",, (961) (1) 372802/3/4/5/166 (," (961) (1) 372802 , "," LIBACROSS BEYROUTH, ","redcross@redcross.org.lb,","http://www.redcross.org.lb,",,"https://www.facebook.com/LebaneseRedCross/,"
Irish Red Cross Society,", 16, Merrion Square, Dublin 2, ",, (353) (1) 642 4600(," (353) (1) 661 4461, ",,"info@redcross.ie,","http://www.redcross.ie,",,"www.facebook.com/irishredcross, 
			, 
			, 
		"
Icelandic Red Cross,", Efstaleiti 9, 103 Reykjavik , ",," (354) 5704000, "," (354) 5704010, ",,"central@redcross.is,","http://www.redcross.is,",,
Kazakh Red Crescent,", 86 Kunayev str., 050010 Almaty 050010, ",, +7(727) 2916291," +7 (727) 2918172, ",,"info@redcrescent.kz,",http://redcrescent.kz,,"https://www.facebook.com/redcrescent.kz/,"
Italian Red Cross,", Via Toscana, 12, 00187 Roma , ",," (39) (06) 4759 6218 / (39)(06) 5510 0549, ",,,"segreteria.presidente@cri.it,",http://www.cri.it,,
German Red Cross,", DRK-Generalsekretariat, Carstennstr.58, D - 12205 Berlin , ",," (49) (30) 85404-0, "," (49) (30) 85404-450, ",,"drk@drk.de,",http://www.drk.de,,
Iraqi Red Crescent Society,", Al-Mansour, Opposite to Iraqi Physicians Association, Baghdad , Postal Address:, P.O. Box 6143, Baghdad , ",", P.O. Box 6143, Baghdad , "," +96 7704621141, "," -, "," REDCRESCENT BAGHDAD, ","relations.dept@ircs.org.iq,","http://www.ircs.org.iq,",,
Estonian Red Cross,", Eha Street 8, 10137 Tallinn , ",," (372) 64 11 644, "," (372) 64 11 641, ",,"haide.laanemets@redcross.ee,","http://www.redcross.ee,",,
Palestine Red Crescent,", Ramallah  - Jerusalem St., Al Bireh , Postal Address:, P.O. Box 3637, Al Bireh , ",", P.O. Box 3637, Al Bireh , "," (972)(2) 297 85 20, "," (972)(2) 24 06 518, ",,"info@palestinercs.org,","http://www.palestinercs.org,",,
Georgia Red Cross Society,", 15, J. Kakhidze Str., 0102 Tbilisi , ",," (+995) (32) 2961092/2940650/2960698 , "," (995) (32) 295 33 04, ",,"redcross@redcross.ge,","http://www.redcross.ge,",,
Cyprus Red Cross Society,", 3 Kypriakou Erythrou Stavrou Street, 2063 Strovolos, Nicosia , Postal Address:, P.O. Box 25374, CY 1309 Nicosia , ",", P.O. Box 25374, CY 1309 Nicosia , "," +357 22504400, "," +357 22 666 956, ",,"admin@redcross.org.cy,","http://www.redcross.org.cy,",,"https://www.facebook.com/cyprusredcross,"
Philippine Red Cross,"Boni Avenue, Mandaluyong, NCR, Philippines",,,,,prc@redcross.org.ph,http://www.redcross.org.ph,https://twitter.com/philredcross,https://www.facebook.com/phredcross
Danish Red Cross,", Blegdamsvej 27, 2100 Köbenhavn Ö , Postal Address:, P.O. Box 2600, 2100 Köbenhavn Ö , ",", P.O. Box 2600, 2100 Köbenhavn Ö , "," (0045) 35 25 92 00, ", (0045) 35 25 92 92 (," DANCROIX KÖBENHAVN, ","info@rodekors.dk,","http://www.rodekors.dk,",,
Hungarian Red Cross,", Arany János utca 31, 1051 Budapest V., Postal Address:, Magyar Vöröskereszt, 1367 Budapest 5, Pf. 121, ",", Magyar Vöröskereszt, 1367 Budapest 5, Pf. 121, "," (36) (1) 374-1338 , "," (36) (1)374-1393, "," RED CROSS BUDAPEST, ","intdept@redcross.hu,","http://www.redcross.hu,",,
The Red Cross Society of Bosnia and Herzegovina,", Kranjceviceva 2, 71000 Sarajevo , ",," (387) 33 263 935, "," (387) 33 263 935, ",,"rcsbh@rcsbh.org,","http://www.rcsbh.org,",,"https://www.facebook.com/dckbih/,"
Latvian Red Cross,", Sarlotes street 1D, 1001 Riga 1010, ",," (371) 6733 66 51 , "," (371) 67336652, ",,"secretariat@redcross.lv,",http://www.redcross.lv,,"https://www.facebook.com/LatvijasSarkanaisKrusts,"
British Red Cross,", 44 Moorfields, London EC2Y 9AL, ",, 0344 871 11 11 (," 0044 20 7562 2000, ",,"information@redcross.org.uk,",http://www.redcross.org.uk,,
Red Crescent Society of Azerbaijan,", Samad Vurgun street 112, AZ1022 Baku , ",," (994) (12) 493 84 81 , "," (994) (12) 493 15 78, ",,"redcrescent@redcrescent.az,","http://www.redcrescent.az,",,
Austrian Red Cross,", Wiedner Hauptstrasse 32, A-1041 Wien , Postal Address:, Postfach 39, A-1041 Wien , ",", Postfach 39, A-1041 Wien , "," (43) (1) 589 00-0, "," (43) (1) 589 00-199, "," AUSTROREDCROSS WIEN, ","postmaster@roteskreuz.at,","http://www.roteskreuz.at,",,
Belgian Red Cross,", 96, rue de Stalle, 1180 Bruxelles , ",, (32) (2) 371 31 11 (, (32) (2) 646 04 39 (," CROIXROUGE BELGIQUE BRUXELLES, ","info@croix-rouge.be,","http://www.croix-rouge.be,",,"https://www.facebook.com/CroixRouge/,"
Czech Red Cross,", Rozdelovská 2467/63, 169   00 Praha 6 , ",, (420) 251 104 111(," (420) 257 531 299, "," CROIX PRAHA, ","info@cervenykriz.eu,","http://www.cervenykriz.eu,",,
Albanian Red Cross,", Rruga ""Muhammet Gjollesha"", Sheshi ""Karl Topia"", 1511 Tirana , Postal Address:, C.P. 1511, Tirana , ",", C.P. 1511, Tirana , "," (355) (42) 225855 / 257532, "," (355) (42) 225855 , "," ALBCROSS TIRANA, ","kksh@kksh.org.al,","http://www.kksh.org.al,",,
Bulgarian Red Cross,", 76, James Bourchier Blvd., 1407 Sofia , ",, (359) (2) 81 64 700 (, (359) (2) 86 56 937 (," BULGAREDCROSS SOFIA, ","secretariat@redcross.bg,","http://www.redcross.bg,",,https://www.facebook.com/BulgarianRedCross/
Andorran Red Cross,", Av/ Santa Coloma 47-51, AD500 Andorra la Vella , ",," (376) 808 225, "," (376) 808 240, ",,"secretariatgeneral@creuroja.ad,","http://www.creuroja.ad,",,"https://www.facebook.com/CRAndorra/,"
Croatian Red Cross,", Ulica Crvenog kriza 14, 10000 Zagreb , ",," (385) (1) 4655814, "," (385) (1) 4655365, ",,"redcross@hck.hr,",http://www.hck.hr,,https://www.facebook.com/HrvatskiCrvenikriz.CroatianRedCross/
Armenian Red Cross Society,", 21/1 Paronyan Street, 0015 Yerevan , ",," (374) 60625050, "," (374) 60625072, ",,"redcross@redcross.am,","http://redcross.am,",,"https://www.facebook.com/ArmenianRedCrossSociety/,"
Ukrainian Red Cross Society,"30, Pushkinskaya St. 01004 Kyiv",,(380) (44) 235 01 57,,,international@redcross.org.ua,http://www.redcross.org.ua,,https://www.facebook.com/RedCrossUkraine/
Argentine Red Cross,"Hipólito Yrigoyen 2068, Buenos Aires, Argentina",,(54) (11) 4952-7200,(54) (11) 4952-7200,,info@cruzroja.org.ar,http://www.cruzroja.org.ar,,https://www.facebook.com/Cruz-Roja-Argentina-p%C3%A1gina-oficial-150908451632285/
Magen David Adom in Israel,"Yigal Alon Street 60, Tel Aviv-Yafo, Israel",,(927) (3) 630 1460/1,,,rc@mda.org,https://www.mdais.org/en/,https://twitter.com/Mdais,https://www.facebook.com/mdaonline
New Zealand Red Cross,"69 Molesworth Street, Thorndon, Wellington, New Zealand",,,,,Communications@redcross.org.nz,http://www.redcross.org.nz,http://twitter.com/NZRedCross,http://www.facebook.com/nzredcross
Uganda Red Cross Society,"Block 8. Plot 551-555 Rubaga Road, Kampala",,"(256) (414) 258 701, (312 260 615)",,,sgurcs@redcrossug.org,http://www.redcrossug.org/,https://twitter.com/ugandaredcross,https://www.facebook.com/Uganda-Red-Cross-Society-117683891624272/
Myanmar Red Cross Society,"Naypyitaw, Myanmar (Burma)",,,(95)(67) 419036,,,,,
Jordan National Red Crescent Society,"Prince Hasan Street 147, Amman, Amman Governorate, Jordan",,(962) (6) 477 3141,(962) (6) 475 0815,,info@jnrcs.org,http://www.jnrcs.org/,https://twitter.com/_JNRCS,https://web.facebook.com/JordanRedCrescent/
Somali Red Crescent Society,"ICRC, Dennis Pritt Road, Nairobi, Kenya",,+254(20)713367,(254) 20 27 15598,,info.bishacas@africaonline.co.ke,http://www.bishacas-srcs.org,,
American Red Cross,", National Headquarters, 431 18th Street, NW, 20006 Washington DC , ",, (1) 800 ,,,,"http://www.redcross.org,",,"https://www.facebook.com/redcross/,"
Red Crescent Society of Kyrgyzstan,"10 Erkindik Boulevard, Bishkek, Kyrgyz Republic",,,,,info@redcrescent.kg,http://www.redcrescent.kg/,https://twitter.com/redcrescentkg,https://www.facebook.com/kyrgyzredcrescent
Zimbabwe Red Cross Society,", 10 St. Annes Road, Avondale, Harare , Postal Address:, P.O. Box 1406, Harare , ",", P.O. Box 1406, Harare , "," (263) (4) 307 241 / 332 197/307 241, "," (263) (4) 335 490, "," ZIMCROSS HARARE, ","zrcs@ecoweb.co.zw,","http://www.redcrosszim.org.zw,",,
Baphalali Swaziland Red Cross Society,", National Headquarters, 104 Dzeliwe Street, Mbabane , Postal Address:, P.O. Box 377, Mbabane , ",", P.O. Box 377, Mbabane , "," (268) 24 042 532 / 24046 108 , "," (268) 24 04 61 08, "," BAPHALALI MBABANE, ","thabsile@redcross.org.sz,",,,
Togolese Red Cross,", 51, rue Boko Soga, Amoutivé, Lome , Postal Address:, B.P. 655, Lome , ",", B.P. 655, Lome , "," (228) 90 12 56 74 / 98 18 41 58 / 23 35 86 66, "," (228) 22 21 52 28, ",,"crtsiege@laposte.tg,","http://www.croixrouge-togo.org,",,
Syrian Arab Red Crescent,"Abu Rummaneh, Damascus, Damascus Governorate, Syria",,,,,info@sarc.sy,http://www.sarc.sy,https://twitter.com/RedCrescentSY,https://www.facebook.com/RedCrescentSY
Belarus Red Cross,"Karla Marksa lane, Rudzensk, Belarus",,(375) (17) 327 14 17,,,info@redcross.by,http://redcross.by/,,https://www.facebook.com/redcross.by/videos/1037679696315664/
Tanzania Red Cross National Society,", Mwai Kibaki Road, Plot 53 Block C, Mikocheni, Dar es Salaam , Postal Address:, P.O. Box 1133, Dar es Salaam , ",", P.O. Box 1133, Dar es Salaam , "," (255) 22 2600 185, "," (255) 22 2600 156, ",,"logistics@raha.com,","http://www.trcs.or.tz,",,
The Sudanese Red Crescent,", P.O. Box 235 Al Mak Nimir Street/Gamhouria Street, Plot No 1 Bock No 4, East Khartoum , ",," (249) 183 772 011/ 183 741 913, "," (249) 183 772 877, "," EL NADJA KHARTOUM, ","info@srcs.sd,",http://srcs.sd,,
South Sudan Red Cross,", Area Munuki Plot No 4, Juba , ",," (00211) 955 06 33 66, "," -, ",,"john.lobor@southsudanredcross.org,","http://www.southsudanredcross.org,",,
South African Red Cross Society,", 103 11th Street, Parkmore,, Sandton 2196, 2196 Pretoria , Postal Address:, P.O. Box 11067 Hatfield, 0028 Pretoria , ",", P.O. Box 11067 Hatfield, 0028 Pretoria , "," +27 10 020 2516, "," +27 11 883 0600, ",,"redcross@redcross.org.za,","http://www.redcross.org.za,",,
Liberian Red Cross Society,", National  Headquarters, 107 Lynch Street, 1000 Monrovia 20 R, Postal Address:, P.O. Box 20-5081, 1000 Monrovia 20, ",", P.O. Box 20-5081, 1000 Monrovia 20, "," (231) 88-646 3607, "," (231) 330 125, ",,"sayba.tamba@liberian-redcross.org,",,,https://www.facebook.com/LiberianRedCross/
Kenya Red Cross Society,"South C, 00100 Nairobi, Nairobi County, Kenya",,"(254)(20) 395 0000, (254)(20) 703 037 000",,,info@redcross.or.ke,http://www.redcross.or.ke,https://www.twitter.com/kenyaredcross,https://www.facebook.com/pages/Kenya-Red-Cross-Society/104561442936505
Malagasy Red Cross Society,", Maison de la Croix-Rouge Malagasy, 1, rue Patrice Lumumba, Tsaralalana, Antananarivo 101, Postal Address:, P.B. 1168, Antananarivo , ",", P.B. 1168, Antananarivo , "," (261) 32 03 221 11, "," (261) (20) 22 667 39, ",,"contact@crmada.org,",http://www.croixrougemalagasy.org,,
Red Cross Society of Guinea,", Postal Address:, B.P. 376, Siège Social Kobaya, Commune de Ratoma, Conakry , ",", B.P. 376, Siège Social Kobaya, Commune de Ratoma, Conakry , "," (224) 628 68 22 00 / 622 30 23 22 / 628 68 22 01, "," (224) 414255, ",,"crgconcrgconakry@yahoo.fr,",,,"Croix-Rouge Guinéenne,  Guinéenne, 
			, 
			, 
		"
Red Cross Society of Guinea-Bissau,", Avenida Unidade Africana N 12, Bissau , Postal Address:, Caixa postal 514-1036 BIX,, Codex Bissau , ",", Caixa postal 514-1036 BIX,, Codex Bissau , "," (245) 95 580 39 91 / (245) 96 666 23 87, "," (245) 20 52 02, ",,"cvgb@mail.gtelecom.gv,",,,
Lesotho Red Cross Society,", 23 Mabile Road, Old Europa, 100 Maseru 100, Postal Address:, Private Bag A205, 100 Maseru 100, ",", Private Bag A205, 100 Maseru 100, "," (266) 223 13 911 , ",,,"redcross@redcross.org.ls,","http://www.redcross.org.ls,",,
Zambia Red Cross Society,", 2837 Los Angeles Boulevard, Longacres, Lusaka , Postal Address:, P.O. Box 50001, (Ridgeway 15101), Lusaka , ",", P.O. Box 50001, (Ridgeway 15101), Lusaka , "," +260 953 054584 , "," (260) 1 252 219, "," REDRAID LUSAKA, ","zrcs@zamnet.zm,",http://www.zamcross.org.zm,,"https://www.facebook.com/Zambia-Red-Cross-Society-Headquaters-988838501146286/info/,"
Red Cross Society of Eritrea,,,,,,,,,
Hellenic Red Cross,"Lykavittou 1, Athens, Greece",,(0030) (210) 3621 681,(0030) (210) 3615 606,,ir@redcross.gr,http://www.redcross.gr,https://twitter.com/HRC_SAMARITES,https://www.facebook.com/HELLENIC-RED-CROSS-GREEK-%CE%95%CE%9B%CE%9B%CE%97%CE%9D%CE%99%CE%9A%CE%9F%CE%A3-%CE%95%CE%A1%CE%A5%CE%98%CE%A1%CE%9F%CE%A3-%CE%A3%CE%A4%CE%91%CE%A5%CE%A1%CE%9F%CE%A3-%CE%95%CE%95%CE%A3-326027520842/
Red Cross of Equatorial Guinea,", Alcalde Albilio Balboa 92, Apartado Postal 460, Malabo , Postal Address:, Apartado postal 460, Malabo , ",", Apartado postal 460, Malabo , "," (240) 222 27 74 98 - (240) 333 09 37 01, "," (240) (09) 30 66, ",,"crge@orange.gq,",,,
Ethiopian Red Cross Society,", Ras Desta Damtew Avenue, P.O. Box 195, Addis Ababa , Postal Address:, P.O. Box 195, Addis Ababa , ",", P.O. Box 195, Addis Ababa , "," (251) 115 15 90 74 / 115 51 91 44 / 115 51 91 71 , "," +251 115 51 26 43, "," ETHIOCROSS ADDISABABA, ","ercsinfo@redcrosseth.org,","http://www.redcrosseth.org,",,"https://www.facebook.com/EthiopianRedCross/,"
Central African Red Cross Society,"Bangui, Central African Republic",,(236) 236 50 14 11,(236) 61.35.61,,sn_crca@yahoo.fr,,,https://www.facebook.com/pages/Croix-Rouge-Centrafricaine/1516713188552357
Gambia Red Cross Society,", 56 Mamadi Manyang Highway, Kanifing Industrial Area, KANIFING, The Gambia , Postal Address:, P.O. Box 472, BANJUL, The Gambia , ",", P.O. Box 472, BANJUL, The Gambia , "," (+220) 43 73 568 / 43 92 405 /  / 4396386, "," (+220) 43 94 921, ",,"gambiaredcross@gmail.com,",,,"Gambia Red Cross Society,  Red Cross Society, 
			, 
			, 
		"
Red Cross of Cape Verde,Rua Andrade Corvo Caixa Postal 119 Praia,,,,,cruzvermelha.cv.sg@hotmail.com,,,
Red Cross of the Democratic Republic of the Congo,"41 Avenue De La Justice, Kinshasa, Democratic Republic of the Congo",,(243) 822 388 209,(243) 88 04 151,,sgcrrdc@croixrouge-rdc.org,http://www.croixrouge-rdc.org,,https://www.facebook.com/croixrougerdc/
Red Cross Society of Côte d'Ivoire,", Plateau-Angle Bd Botreau Roussel,, Avenue Lamblin 01, P.O. Box 1244, Abidjan 01, ",," (225) 20 32 13 35, "," (225) 20 22 43 81, ",,croixrouge,"http://croixrouge.ci.over-blog.org,",,
Congolese Red Cross,", 8 rue Lucien Fourneau, Face Ministère de la santé et, Fonction publique, B.P. 4145 Brazzaville , Postal Address:, Brazzaville , ",", Brazzaville , "," (242) 05 536 54 73 / (242)  6 662 0311, ",,,"emiliennekoli@gmail.com,",,,"https://www.facebook.com/Croix-Rouge-Congo-Brazzaville-595974027195586/,"
Gabonese Red Cross Society,", Bureau National, Place de l'Indépendance, Derrière le Mont de Cristal, Libreville , Postal Address:, Boîte Postale 2274, Libreville , ",", Boîte Postale 2274, Libreville , ", +241," (241) 76 51 60, ",,"contact@croixrouge-gabon.org,",,,
Cameroon Red Cross Society,"63 rue 2005, Yaoundé 2, Cameroun",,(237) 2 22 22 41 77,(237) 2 22 22 41 77,,cameroon_redcross@yahoo.fr,,https://twitter.com/CambodianRCross,https://www.facebook.com/crcnhq
The Comoros Red Crescent,", Avenue de la Ligue des Etats Arabes, Moroni , Postal Address:, Secrétariat Général CRCO, B.P.240, Moroni , ",", Secrétariat Général CRCO, B.P.240, Moroni , "," (269) 773 06 64, "," (269) 773 06 64, ",,"crco.comorestelecom@gmail.com,","http://www.cr-comorien.org,",,"https://www.facebook.com/Croissant-Rouge-Comorien-127754897256789/,"
Botswana Red Cross Society,"Khama Crescent, Gaborone, Botswana",,(267) 3 952 465,(267) 3912 352,,brcs@info.bw,http://www.botswanaredcross.org.bw/,,https://www.facebook.com/brcspage/
Ghana Red Cross Society,", Plot No 10 South Legon, Near Gulf House, Accra , Postal Address:, P.O. Box 835, Accra-central , ",", P.O. Box 835, Accra-central , "," (233) 0299370431 / 0302520397, "," -, "," GHANACROSS ACCRA, ","redcrossghana@yahoo.co.uk,","http://www.redcrossghana.org,",,"https://www.facebook.com/Ghana-RED-Cross-Society-164077243641477/,"
Red Cross of Benin,"Rue 29 Djassin, Porto Novo, Ouémé Department, Benin",,"(229) 202 12 886, (229) 68 00 13 01",,,info@croixrougebenin.org,http://croixrougebenin.afredis.com/,https://twitter.com/CroixRougeBenin?lang=en,https://www.facebook.com/Croix-Rouge-B%C3%A9ninoise-783080471813832/?ref=br_rs
Red Crescent Society of Djibouti,", Immeuble Modarek 1er étage, Avenue George Clémenceau, Djibouti , Postal Address:, B.P. 8, Djibouti , ",", B.P. 8, Djibouti , "," (253) 21 352 270, "," (253) 21 352 451, ",,"crd@intnet.dj,",,,
Red Cross of Chad,", Avenue Kondol, Moursal, N'Djamena , Postal Address:, BP 449, N'Djamena , ",", BP 449, N'Djamena , "," (00235) 22 52 34 34 / 66 20 25 93 / 66 29 88 82, "," -, "," CROIXROUGE N'DJAMENA, ","crt@croixrougedutchad.org,",,,"https://www.facebook.com/croixrouge.dutchad,"
Burundi Red Cross,", Comité National - Rohero I, 18 Avenue des Etats-Unis, Bujumbura , Postal Address:, B.P. 324, Bujumbura , ",", B.P. 324, Bujumbura , "," (257)22 21 88 70/71, "," (257) 22 21 11 01, ",,"croixrougebi@yahoo.fr,",,,"https://www.facebook.com/CroixRougeBurundi/,"
Burkinabe Red Cross Society,"01 BP. 4404 Ouagadougou, Centre Region, Burkina Faso",,(226) 25 36 13 40,(226) 25 36 31,,croixrouge.bf@fasonet.bf,http://www.croixrougebf.org/,https://twitter.com/Croixrougebf?lang=en,https://www.facebook.com/Croix-Rouge-Burkinabe-168086396715610/
